Tick,Active_Agents,Compute_Time_sec,CPU_Usage_percent,RAM_Usage_MB,Routing_Queue_Size,Routes_Per_Sec
0,500,0.0,0.0,154.140625,37,0.0
1,500,1.6862961379993067,33.7,155.55859375,41,21.94157904192224
2,500,0.91568857799939,33.0,155.6015625,35,44.77504796398947
3,500,0.8827881630004413,33.0,155.76953125,48,39.64711067380103
4,500,0.8296198950010876,32.9,155.80859375,55,57.85782174369996
5,500,0.9278059159987606,35.0,155.84765625,54,59.27963925601168
6,500,0.07985421200100973,41.7,155.88671875,44,676.2323319816517
7,500,0.07901221199972497,36.6,155.921875,45,556.8759421664231
8,500,0.07297396799913258,25.2,155.953125,46,616.6582581960583
9,500,0.07846173500001896,31.3,155.9921875,46,586.2730412472893
10,500,0.09108956500131171,31.5,156.21484375,49,504.9974714374538
11,500,0.06313586199939891,29.2,156.4765625,0,776.1040785420258
12,500,0.0,3.0,156.4765625,0,0.0
13,500,0.0,3.0,156.4765625,0,0.0
14,500,0.0,3.6,156.4765625,0,0.0
15,500,0.0,2.4,156.4765625,0,0.0
16,500,0.0,4.8,156.4765625,0,0.0
17,500,0.0,18.1,156.4765625,0,0.0
18,500,0.0,1.8,156.4765625,0,0.0
19,500,0.0,1.2,156.4765625,0,0.0
20,500,0.0,2.4,156.4765625,0,0.0
21,500,0.0,8.4,156.48046875,0,0.0
22,500,0.0,13.9,156.48046875,0,0.0
23,500,0.0,7.6,156.48046875,0,0.0
24,500,0.0,9.7,156.48046875,0,0.0
25,500,0.0,1.8,156.48046875,0,0.0
26,500,0.0,6.7,156.48046875,0,0.0
27,500,0.0,27.2,156.48046875,0,0.0
28,500,0.0,33.1,156.48046875,0,0.0
29,500,0.0,48.8,156.48046875,0,0.0
30,500,0.0,18.8,156.484375,0,0.0
31,500,0.0,1.7,156.484375,0,0.0
32,500,0.0,3.6,156.484375,0,0.0
33,500,0.0,2.4,156.484375,0,0.0
34,500,0.0,6.5,156.484375,0,0.0
35,500,0.0,0.6,156.484375,0,0.0
36,500,0.0,4.2,156.484375,0,0.0
37,500,0.0,3.0,156.484375,0,0.0
38,500,0.0,12.8,156.484375,0,0.0
39,500,0.0,7.9,156.484375,0,0.0
40,500,0.0,1.8,156.484375,0,0.0
41,500,0.0,2.4,156.484375,0,0.0
42,500,0.0,9.2,156.484375,0,0.0
43,500,0.0,12.2,156.484375,0,0.0
44,500,0.0,6.6,156.48828125,0,0.0
45,500,0.0,10.7,156.48828125,0,0.0
46,500,0.0,14.9,156.48828125,0,0.0
47,500,0.0,14.5,156.48828125,0,0.0
48,500,0.0,9.4,156.48828125,0,0.0
49,500,0.0,2.3,156.48828125,0,0.0
50,500,0.0,5.4,156.48828125,0,0.0
51,500,0.0,7.3,156.48828125,0,0.0
52,500,0.0,4.8,156.48828125,0,0.0
53,500,0.0,4.2,156.48828125,0,0.0
54,500,0.0,2.4,156.48828125,0,0.0
55,500,0.0,8.2,156.48828125,0,0.0
56,500,0.0,8.3,156.48828125,0,0.0
57,500,0.0,9.4,156.48828125,0,0.0
58,500,0.0,14.8,156.48828125,0,0.0
59,500,0.0,8.1,156.48828125,0,0.0
60,500,0.0,9.8,156.48828125,0,0.0
61,500,0.0,8.0,156.48828125,0,0.0
62,500,0.0,5.5,156.48828125,0,0.0
63,500,0.0,4.2,156.48828125,0,0.0
64,500,0.0,4.3,156.48828125,0,0.0
65,500,0.0,3.0,156.48828125,0,0.0
66,500,0.0,6.8,156.48828125,0,0.0
67,500,0.0,10.3,156.48828125,0,0.0
68,500,0.0,6.0,156.48828125,0,0.0
69,500,0.0,4.2,156.48828125,0,0.0
70,500,0.0,4.2,156.48828125,0,0.0
71,500,0.0,3.0,156.48828125,0,0.0
72,500,0.0,1.8,156.48828125,0,0.0
73,500,0.0,3.6,156.48828125,0,0.0
74,500,0.0,3.0,156.48828125,0,0.0
75,500,0.0,4.8,156.48828125,0,0.0
76,500,0.0,3.6,156.48828125,0,0.0
77,500,0.0,3.0,156.48828125,0,0.0
78,500,0.0,2.4,156.48828125,0,0.0
79,500,0.0,4.3,156.48828125,0,0.0
80,500,0.0,6.9,156.48828125,0,0.0
81,500,0.0,7.2,156.48828125,0,0.0
82,500,0.0,2.5,156.48828125,0,0.0
83,500,0.0,2.4,156.48828125,0,0.0
84,500,0.0,4.7,156.48828125,0,0.0
85,500,0.0,1.8,156.48828125,0,0.0
86,500,0.0,2.4,156.48828125,0,0.0
87,500,0.0,1.2,156.48828125,0,0.0
88,500,0.0,3.0,156.48828125,0,0.0
89,500,0.0,5.4,156.48828125,0,0.0
90,500,0.0,6.1,156.48828125,0,0.0
91,500,0.0,0.6,156.48828125,0,0.0
92,500,0.0,3.0,156.4921875,0,0.0
93,500,0.0,6.8,156.4921875,0,0.0
94,500,0.0,2.5,156.4921875,0,0.0
95,500,0.0,2.4,156.4921875,0,0.0
96,500,0.0,2.4,156.4921875,0,0.0
97,500,0.0,1.8,156.4921875,0,0.0
98,500,0.0,1.8,156.4921875,0,0.0
99,500,0.0,6.0,156.4921875,0,0.0
100,500,0.0,2.4,156.4921875,0,0.0
101,500,0.0,6.1,156.4921875,0,0.0
102,500,0.0,3.6,156.4921875,0,0.0
103,500,0.0,1.2,156.4921875,0,0.0
104,500,0.0,2.5,156.4921875,0,0.0
105,500,0.0,1.2,156.4921875,0,0.0
106,500,0.0,1.8,156.4921875,0,0.0
107,500,0.0,3.7,156.4921875,0,0.0
108,500,0.0,2.5,156.4921875,0,0.0
109,500,0.0,3.1,156.4921875,0,0.0
110,500,0.0,2.5,156.4921875,0,0.0
111,500,0.0,1.9,156.4921875,0,0.0
112,500,0.0,3.1,156.4921875,0,0.0
113,500,0.0,9.9,156.4921875,0,0.0
114,500,0.0,8.4,156.4921875,0,0.0
115,500,0.0,3.0,156.4921875,0,0.0
116,500,0.0,7.3,156.4921875,0,0.0
117,500,0.0,1.8,156.4921875,0,0.0
118,500,0.0,3.0,156.4921875,0,0.0
119,500,0.0,8.3,156.4921875,0,0.0
120,500,0.0,39.5,156.4921875,0,0.0
121,500,0.0,26.5,156.4921875,0,0.0
122,500,0.0,31.2,156.4921875,0,0.0
123,500,0.0,8.5,156.4921875,0,0.0
124,500,0.0,13.7,156.4921875,0,0.0
125,500,0.0,1.2,156.4921875,0,0.0
126,500,0.0,12.6,156.4921875,0,0.0
127,500,0.0,9.4,156.4921875,0,0.0
128,500,0.0,6.1,156.4921875,0,0.0
129,500,0.0,5.0,156.4921875,0,0.0
130,500,0.0,5.0,156.4921875,0,0.0
131,500,0.0,3.7,156.4921875,0,0.0
132,500,0.0,6.1,156.4921875,0,0.0
133,500,0.0,6.8,156.4921875,0,0.0
134,500,0.0,4.4,156.4921875,0,0.0
135,500,0.0,17.0,156.4921875,0,0.0
136,500,0.0,37.7,156.4921875,0,0.0
137,500,0.0,31.2,156.4921875,0,0.0
138,500,0.0,5.6,156.4921875,0,0.0
139,500,0.0,7.5,156.4921875,0,0.0
140,500,0.0,5.5,156.4921875,0,0.0
141,500,0.0,3.8,156.4921875,0,0.0
142,500,0.0,6.8,156.4921875,0,0.0
143,500,0.0,5.0,156.4921875,0,0.0
144,500,0.0,10.5,156.4921875,0,0.0
145,500,0.0,4.3,156.4921875,0,0.0
146,500,0.0,1.8,156.4921875,0,0.0
147,500,0.0,4.3,156.49609375,0,0.0
148,500,0.0,6.7,156.49609375,0,0.0
149,500,0.0,2.4,156.49609375,0,0.0
150,500,0.0,5.4,156.49609375,0,0.0
151,500,0.0,4.8,156.49609375,0,0.0
152,500,0.0,3.0,156.49609375,0,0.0
153,500,0.0,6.6,156.49609375,0,0.0
154,500,0.0,4.2,156.49609375,0,0.0
155,500,0.0,1.2,156.49609375,0,0.0
156,500,0.0,10.4,156.49609375,0,0.0
157,500,0.0,9.1,156.49609375,0,0.0
158,500,0.0,9.9,156.49609375,0,0.0
159,500,0.0,11.5,156.49609375,0,0.0
160,500,0.0,11.7,156.49609375,0,0.0
161,500,0.0,16.4,156.49609375,0,0.0
162,500,0.0,6.1,156.49609375,0,0.0
163,500,0.0,13.3,156.49609375,0,0.0
164,500,0.0,3.7,156.49609375,0,0.0
165,500,0.0,3.6,156.49609375,0,0.0
166,500,0.0,6.0,156.49609375,0,0.0
167,500,0.0,4.2,156.49609375,0,0.0
168,500,0.0,5.4,156.49609375,0,0.0
169,500,0.0,7.3,156.49609375,0,0.0
170,500,0.0,9.6,156.49609375,0,0.0
171,500,0.0,9.0,156.49609375,0,0.0
172,500,0.0,4.9,156.49609375,0,0.0
173,500,0.0,9.2,156.49609375,0,0.0
174,500,0.0,8.0,156.49609375,0,0.0
175,500,0.0,4.8,156.49609375,0,0.0
176,500,0.0,3.0,156.49609375,0,0.0
177,500,0.0,1.8,156.49609375,0,0.0
178,500,0.0,1.9,156.49609375,0,0.0
179,500,0.0,4.9,156.49609375,0,0.0
180,500,0.0,5.0,156.49609375,0,0.0
181,500,0.0,6.2,156.49609375,0,0.0
182,500,0.0,8.1,156.49609375,0,0.0
183,500,0.0,5.0,156.49609375,0,0.0
184,500,0.0,11.7,156.49609375,0,0.0
185,500,0.0,15.2,156.49609375,0,0.0
186,500,0.0,15.6,156.49609375,0,0.0
187,500,0.0,28.2,156.49609375,0,0.0
188,500,0.0,3.0,156.49609375,0,0.0
189,500,0.0,4.1,156.5,0,0.0
190,500,0.0,3.5,156.5,0,0.0
191,500,0.0,4.7,156.5,0,0.0
192,500,0.0,3.6,156.5,0,0.0
193,500,0.0,6.3,156.5,0,0.0
194,500,0.0,8.8,156.5,0,0.0
195,500,0.0,7.6,156.5,0,0.0
196,500,0.0,9.0,156.5,0,0.0
197,500,0.0,4.1,156.5,0,0.0
198,500,0.0,7.4,156.5,0,0.0
199,500,0.0,9.5,156.5,0,0.0
200,500,0.0,3.7,156.5,0,0.0
201,500,0.0,3.1,156.5,0,0.0
202,500,0.0,2.5,156.5,0,0.0
203,500,0.0,3.0,156.5,0,0.0
204,500,0.0,1.9,156.5,0,0.0
205,500,0.0,3.7,156.5,0,0.0
206,500,0.0,2.5,156.5,0,0.0
207,500,0.0,9.9,156.5,0,0.0
208,500,0.0,10.6,156.5,0,0.0
209,500,0.0,2.5,156.5,0,0.0
210,500,0.0,2.5,156.5,0,0.0
211,500,0.0,3.1,156.5,0,0.0
212,500,0.0,1.9,156.5,0,0.0
213,500,0.0,2.5,156.5,0,0.0
214,500,0.0,3.0,156.5,0,0.0
215,500,0.0,3.7,156.5,0,0.0
216,500,0.0,2.5,156.5,0,0.0
217,500,0.0,3.1,156.5,0,0.0
218,500,0.0,1.9,156.5,0,0.0
219,500,0.0,3.7,156.5,0,0.0
220,500,0.0,4.3,156.5,0,0.0
221,500,0.0,4.3,156.5,0,0.0
222,500,0.0,3.1,156.5,0,0.0
223,500,0.0,3.1,156.5,0,0.0
224,500,0.0,1.9,156.5,0,0.0
225,500,0.0,3.7,156.5,0,0.0
226,500,0.0,3.7,156.5,0,0.0
227,500,0.0,2.5,156.5,0,0.0
228,500,0.0,1.9,156.5,0,0.0
229,500,0.0,3.1,156.5,0,0.0
230,500,0.0,3.1,156.5,0,0.0
231,500,0.0,3.0,156.5,0,0.0
232,500,0.0,5.9,156.5,0,0.0
233,500,0.0,5.9,156.5,0,0.0
234,500,0.0,7.7,156.5,0,0.0
235,500,0.0,9.5,156.5,0,0.0
236,500,0.0,2.9,156.5,0,0.0
237,500,0.0,6.4,156.5,0,0.0
238,500,0.0,6.9,156.5,0,0.0
239,500,0.0,7.1,156.5,0,0.0
240,500,0.0,2.9,156.5,0,0.0
241,500,0.0,8.2,156.5,0,0.0
242,500,0.0,8.3,156.5,0,0.0
243,500,0.0,9.3,156.5,0,0.0
244,500,0.0,8.0,156.5,0,0.0
245,500,0.0,1.9,156.5,0,0.0
246,500,0.0,9.3,156.5,0,0.0
247,500,0.0,9.3,156.5,0,0.0
248,500,0.0,6.2,156.5,0,0.0
249,500,0.0,11.6,156.5,0,0.0
250,500,0.0,2.5,156.5,0,0.0
251,500,0.0,2.4,156.5,0,0.0
252,500,0.0,3.1,156.5,0,0.0
253,500,0.0,2.5,156.5,0,0.0
254,500,0.0,6.7,156.5,0,0.0
255,500,0.0,5.5,156.5,0,0.0
256,500,0.0,23.0,156.5,0,0.0
257,500,0.0,8.5,156.5,0,0.0
258,500,0.0,8.1,156.5,0,0.0
259,500,0.0,9.3,156.5,0,0.0
260,500,0.0,8.1,156.5,0,0.0
261,500,0.0,7.4,156.5,0,0.0
262,500,0.0,5.6,156.5,0,0.0
263,500,0.0,7.3,156.5,0,0.0
264,500,0.0,8.1,156.5,0,0.0
265,500,0.0,16.0,156.5,0,0.0
266,500,0.0,6.8,156.5,0,0.0
267,500,0.0,8.6,156.5,0,0.0
268,500,0.0,9.9,156.5,0,0.0
269,500,0.0,13.6,156.5,0,0.0
270,500,0.0,16.3,156.5,0,0.0
271,500,0.0,9.3,156.5,0,0.0
272,500,0.0,16.8,156.5,0,0.0
273,500,0.0,26.7,156.5,0,0.0
274,500,0.0,22.4,156.5,0,0.0
275,500,0.0,19.1,156.5,0,0.0
276,500,0.0,14.6,156.5,0,0.0
277,500,0.0,16.0,156.5,0,0.0
278,500,0.0,12.9,156.5,0,0.0
279,500,0.0,12.3,156.5,0,0.0
280,500,0.0,11.7,156.5,0,0.0
281,500,0.0,13.2,156.5,0,0.0
282,500,0.0,11.7,156.5,0,0.0
283,500,0.0,15.5,156.5,0,0.0
284,500,0.0,13.0,156.5,0,0.0
285,500,0.0,14.2,156.5,0,0.0
286,500,0.0,17.2,156.5,0,0.0
287,500,0.0,10.7,156.5,0,0.0
288,500,0.0,11.9,156.5,0,0.0
289,500,0.0,14.1,156.5,0,0.0
290,500,0.0,13.7,156.5,0,0.0
291,500,0.0,11.7,156.5,0,0.0
292,500,0.0,13.1,156.5,0,0.0
293,500,0.0,8.0,156.5,0,0.0
294,500,0.0,5.0,156.5,0,0.0
295,500,0.0,22.5,156.5,0,0.0
296,500,0.0,3.1,156.5,0,0.0
297,500,0.0,7.9,156.5,0,0.0
298,500,0.0,7.3,156.5,0,0.0
299,500,0.0,6.0,156.5078125,0,0.0
300,500,0.0,5.3,156.5078125,0,0.0
301,500,0.0,17.7,156.5078125,0,0.0
302,500,0.0,5.3,156.5078125,0,0.0
303,500,0.0,5.8,156.5078125,0,0.0
304,500,0.0,4.7,156.5078125,0,0.0
305,500,0.0,3.5,156.5078125,0,0.0
306,500,0.0,7.2,156.5078125,0,0.0
307,500,0.0,7.1,156.5078125,0,0.0
308,500,0.0,4.1,156.5078125,0,0.0
309,500,0.0,16.6,156.5078125,0,0.0
310,500,0.0,6.9,156.5078125,0,0.0
311,500,0.0,5.0,156.5078125,0,0.0
312,500,0.0,10.6,156.5078125,0,0.0
313,500,0.0,8.2,156.5078125,0,0.0
314,500,0.0,3.7,156.5078125,0,0.0
315,500,0.0,7.4,156.5078125,0,0.0
316,500,0.0,6.3,156.5078125,0,0.0
317,500,0.0,4.9,156.5078125,0,0.0
318,500,0.0,7.5,156.5078125,0,0.0
319,500,0.0,14.4,156.5078125,0,0.0
320,500,0.0,8.8,156.5078125,0,0.0
321,500,0.0,6.8,156.5078125,0,0.0
322,500,0.0,12.6,156.5078125,0,0.0
323,500,0.0,5.0,156.5078125,0,0.0
324,500,0.0,4.3,156.5078125,0,0.0
325,500,0.0,16.5,156.5078125,0,0.0
326,500,0.0,3.2,156.5078125,0,0.0
327,500,0.0,4.4,156.5078125,0,0.0
328,500,0.0,3.1,156.5078125,0,0.0
329,500,0.0,4.3,156.5078125,0,0.0
330,500,0.0,10.1,156.5078125,0,0.0
331,500,0.0,9.4,156.5078125,0,0.0
332,500,0.0,11.9,156.5078125,0,0.0
333,500,0.0,10.7,156.5078125,0,0.0
334,500,0.0,7.4,156.5078125,0,0.0
335,500,0.0,6.2,156.5078125,0,0.0
336,500,0.0,4.3,156.5078125,0,0.0
337,500,0.0,1.9,156.5078125,0,0.0
338,500,0.0,1.8,156.5078125,0,0.0
339,500,0.0,3.7,156.5078125,0,0.0
340,500,0.0,3.0,156.5078125,0,0.0
341,500,0.0,3.7,156.5078125,0,0.0
342,500,0.0,3.0,156.5078125,0,0.0
343,500,0.0,2.5,156.5078125,0,0.0
344,500,0.0,3.1,156.5078125,0,0.0
345,500,0.0,3.1,156.5078125,0,0.0
346,500,0.0,3.1,156.5078125,0,0.0
347,500,0.0,4.3,156.5078125,0,0.0
348,500,0.0,3.1,156.5078125,0,0.0
349,500,0.0,9.4,156.5078125,0,0.0
350,500,0.0,8.1,156.5078125,0,0.0
351,500,0.0,9.9,156.5078125,0,0.0
352,500,0.0,11.2,156.5078125,0,0.0
353,500,0.0,12.2,156.5078125,0,0.0
354,500,0.0,15.5,156.5078125,0,0.0
355,500,0.0,5.5,156.5078125,0,0.0
356,500,0.0,5.0,156.5078125,0,0.0
357,500,0.0,1.9,156.5078125,0,0.0
358,500,0.0,2.5,156.5078125,0,0.0
359,500,0.0,6.1,156.5078125,0,0.0
360,500,0.0,4.9,156.5078125,0,0.0
361,500,0.0,3.0,156.5078125,0,0.0
362,500,0.0,6.3,156.5078125,0,0.0
363,500,0.0,5.6,156.5078125,0,0.0
364,500,0.0,6.7,156.5078125,0,0.0
365,500,0.0,3.7,156.5078125,0,0.0
366,500,0.0,3.6,156.5078125,0,0.0
367,500,0.0,5.9,156.5078125,0,0.0
368,500,0.0,6.5,156.5078125,0,0.0
369,500,0.0,15.4,156.5078125,0,0.0
370,500,0.0,5.2,156.5078125,0,0.0
371,500,0.0,2.9,156.5078125,0,0.0
372,500,0.0,8.1,156.5078125,0,0.0
373,500,0.0,2.5,156.5078125,0,0.0
374,500,0.0,5.5,156.5078125,0,0.0
375,500,0.0,6.8,156.5078125,0,0.0
376,500,0.0,4.9,156.5078125,0,0.0
377,500,0.0,7.4,156.5078125,0,0.0
378,500,0.0,6.2,156.5078125,0,0.0
379,500,0.0,6.8,156.5078125,0,0.0
380,500,0.0,11.7,156.5078125,0,0.0
381,500,0.0,6.8,156.5078125,0,0.0
382,500,0.0,1.8,156.5078125,0,0.0
383,500,0.0,5.0,156.5078125,0,0.0
384,500,0.0,23.0,156.5078125,0,0.0
385,500,0.0,7.4,156.5078125,0,0.0
386,500,0.0,10.5,156.5078125,0,0.0
387,500,0.0,5.0,156.5078125,0,0.0
388,500,0.0,8.1,156.5078125,0,0.0
389,500,0.0,6.8,156.5078125,0,0.0
390,500,0.0,4.3,156.5078125,0,0.0
391,500,0.0,2.4,156.5078125,0,0.0
392,500,0.0,7.5,156.5078125,0,0.0
393,500,0.0,8.6,156.5078125,0,0.0
394,500,0.0,6.7,156.5078125,0,0.0
395,500,0.0,6.8,156.5078125,0,0.0
396,500,0.0,7.4,156.5078125,0,0.0
397,500,0.0,3.7,156.5078125,0,0.0
398,500,0.0,8.6,156.5078125,0,0.0
399,500,0.0,5.6,156.5078125,0,0.0
400,500,0.0,3.7,156.5078125,0,0.0
401,500,0.0,1.9,156.5078125,0,0.0
402,500,0.0,3.1,156.5078125,0,0.0
403,500,0.0,1.2,156.5078125,0,0.0
404,500,0.0,6.2,156.5078125,0,0.0
405,500,0.0,5.6,156.5078125,0,0.0
406,500,0.0,4.9,156.5078125,0,0.0
407,500,0.0,11.9,156.5078125,0,0.0
408,500,0.0,36.9,156.5078125,0,0.0
409,500,0.0,24.2,156.5078125,0,0.0
410,500,0.0,20.6,156.5078125,0,0.0
411,500,0.0,13.0,156.5078125,0,0.0
412,500,0.0,13.6,156.5078125,0,0.0
413,500,0.0,13.5,156.5078125,0,0.0
414,500,0.0,14.3,156.5078125,0,0.0
415,500,0.0,12.6,156.5078125,0,0.0
416,500,0.0,11.8,156.5078125,0,0.0
417,500,0.0,13.0,156.5078125,0,0.0
418,500,0.0,12.3,156.5078125,0,0.0
419,500,0.0,13.8,156.5078125,0,0.0
420,500,0.0,12.5,156.5078125,0,0.0
421,500,0.0,16.0,156.5078125,0,0.0
422,500,0.0,13.4,156.5078125,0,0.0
423,500,0.0,10.7,156.5078125,0,0.0
424,500,0.0,12.4,156.5078125,0,0.0
425,500,0.0,15.2,156.5078125,0,0.0
426,500,0.0,12.5,156.5078125,0,0.0
427,500,0.0,8.6,156.5078125,0,0.0
428,500,0.0,8.1,156.5078125,0,0.0
429,500,0.0,14.6,156.5078125,0,0.0
430,500,0.0,10.6,156.5078125,0,0.0
431,500,0.0,5.0,156.5078125,0,0.0
432,500,0.0,26.7,156.5078125,0,0.0
433,500,0.0,8.0,156.5078125,0,0.0
434,500,0.0,7.5,156.5078125,0,0.0
435,500,0.0,7.8,156.5078125,0,0.0
436,500,0.0,7.6,156.5078125,0,0.0
437,500,0.0,5.4,156.5078125,0,0.0
438,500,0.0,17.0,156.5078125,0,0.0
439,500,0.0,6.2,156.5078125,0,0.0
440,500,0.0,6.2,156.5078125,0,0.0
441,500,0.0,5.2,156.5078125,0,0.0
442,500,0.0,5.2,156.5078125,0,0.0
443,500,0.0,7.8,156.56640625,0,0.0
444,500,0.0,5.2,156.89453125,0,0.0
445,500,0.0,3.4,157.2421875,0,0.0
446,500,0.0,1.9,157.2421875,0,0.0
447,500,0.0,3.7,157.2421875,0,0.0
448,500,0.0,1.9,157.2421875,0,0.0
449,500,0.0,2.4,157.2421875,0,0.0
450,500,0.0,3.1,157.2421875,0,0.0
451,500,0.0,3.1,157.2421875,0,0.0
452,500,0.0,8.0,157.2421875,0,0.0
453,500,0.0,4.3,157.2421875,0,0.0
454,500,0.0,1.9,157.2421875,0,0.0
455,500,0.0,3.7,157.2421875,0,0.0
456,500,0.0,6.9,157.2421875,0,0.0
457,500,0.0,11.2,157.2421875,0,0.0
458,500,0.0,8.1,157.2421875,0,0.0
459,500,0.0,12.7,157.2421875,0,0.0
460,500,0.0,11.4,157.2421875,0,0.0
461,500,0.0,4.9,157.2421875,0,0.0
462,500,0.0,4.9,157.2421875,0,0.0
463,500,0.0,5.0,157.2421875,0,0.0
464,500,0.0,5.6,157.2421875,0,0.0
465,500,0.0,5.6,157.2421875,0,0.0
466,500,0.0,6.1,157.2421875,0,0.0
467,500,0.0,4.9,157.2421875,0,0.0
468,500,0.0,3.7,157.2421875,0,0.0
469,500,0.0,3.0,157.2421875,0,0.0
470,500,0.0,3.0,157.2421875,0,0.0
471,500,0.0,5.5,157.2421875,0,0.0
472,500,0.0,25.6,157.2421875,0,0.0
473,500,0.0,4.9,157.2421875,0,0.0
474,500,0.0,3.7,157.2421875,0,0.0
475,500,0.0,3.1,157.2421875,0,0.0
476,500,0.0,4.3,157.2421875,0,0.0
477,500,0.0,5.5,157.2421875,0,0.0
478,500,0.0,1.9,157.2421875,0,0.0
479,500,0.0,16.6,157.2421875,0,0.0
480,500,0.0,7.5,157.2421875,0,0.0
481,500,0.0,8.6,157.2421875,0,0.0
482,500,0.0,2.5,157.2421875,0,0.0
483,500,0.0,5.0,157.2421875,0,0.0
484,500,0.0,6.3,157.2421875,0,0.0
485,500,0.0,3.6,157.2421875,0,0.0
486,500,0.0,9.3,157.2421875,0,0.0
487,500,0.0,12.3,157.2421875,0,0.0
488,500,0.0,40.3,157.2421875,0,0.0
489,500,0.0,10.5,157.2421875,0,0.0
490,500,0.0,4.3,157.2421875,0,0.0
491,500,0.0,8.7,157.2421875,0,0.0
492,500,0.0,13.7,157.2421875,0,0.0
493,500,0.0,5.0,157.2421875,0,0.0
494,500,0.0,1.8,157.2421875,0,0.0
495,500,0.0,0.6,157.2421875,0,0.0
496,500,0.0,3.7,157.2421875,0,0.0
497,500,0.0,1.2,157.2421875,0,0.0
498,500,0.0,13.0,157.2421875,0,0.0
499,500,0.0,12.5,157.2421875,0,0.0
500,500,0.0,15.5,157.2421875,0,0.0
501,500,0.0,13.8,157.2421875,0,0.0
502,500,0.0,14.9,157.2421875,0,0.0
503,500,0.0,11.9,157.2421875,0,0.0
504,500,0.0,17.3,157.2421875,0,0.0
505,500,0.0,11.9,157.2421875,0,0.0
506,500,0.0,14.2,157.2421875,0,0.0
507,500,0.0,9.9,157.2421875,0,0.0
508,500,0.0,9.9,157.2421875,0,0.0
509,500,0.0,6.7,157.2421875,0,0.0
510,500,0.0,7.5,157.2421875,0,0.0
511,500,0.0,6.8,157.2421875,0,0.0
512,500,0.0,3.0,157.2421875,0,0.0
513,500,0.0,3.7,157.2421875,0,0.0
514,500,0.0,7.4,157.2421875,0,0.0
515,500,0.0,6.2,157.2421875,0,0.0
516,500,0.0,5.5,157.2421875,0,0.0
517,500,0.0,8.1,157.2421875,0,0.0
518,500,0.0,3.7,157.2421875,0,0.0
519,500,0.0,2.5,157.2421875,0,0.0
520,500,0.0,4.9,157.2421875,0,0.0
521,500,0.0,14.2,157.2421875,0,0.0
522,500,0.0,8.9,157.2421875,0,0.0
523,500,0.0,8.1,157.2421875,0,0.0
524,500,0.0,6.9,157.2421875,0,0.0
525,500,0.0,10.4,157.2421875,0,0.0
526,500,0.0,13.2,157.2421875,0,0.0
527,500,0.0,11.9,157.2421875,0,0.0
528,500,0.0,13.7,157.2421875,0,0.0
529,500,0.0,13.0,157.2421875,0,0.0
530,500,0.0,14.4,157.2421875,0,0.0
531,500,0.0,10.6,157.2421875,0,0.0
532,500,0.0,8.2,157.2421875,0,0.0
533,500,0.0,30.0,157.2421875,0,0.0
534,500,0.0,57.8,157.375,0,0.0
535,500,0.0,51.6,157.55078125,0,0.0
536,500,0.0,55.8,157.55859375,0,0.0
537,500,0.0,31.2,157.5625,0,0.0
538,500,0.0,16.5,157.56640625,0,0.0
539,500,0.0,12.7,157.5703125,0,0.0
540,500,0.0,78.8,157.5703125,0,0.0
541,500,0.0,63.0,164.9375,0,0.0
542,500,0.0,77.0,164.9375,0,0.0
543,500,0.0,73.5,163.9765625,0,0.0
544,500,0.0,54.7,163.9765625,0,0.0
545,500,0.0,47.0,163.9765625,0,0.0
546,500,0.0,73.5,163.9765625,0,0.0
547,500,0.0,69.5,163.9765625,0,0.0
548,500,0.0,68.5,163.9765625,0,0.0
549,500,0.0,65.2,163.9765625,0,0.0
550,500,0.0,53.9,163.9765625,0,0.0
551,500,0.0,54.3,163.9765625,0,0.0
552,500,0.0,39.9,163.9765625,0,0.0
553,500,0.0,51.4,163.9765625,0,0.0
554,500,0.0,60.0,163.9765625,0,0.0
555,500,0.0,57.0,163.9765625,0,0.0
556,500,0.0,67.9,163.9765625,0,0.0
557,500,0.0,50.3,163.9765625,0,0.0
558,500,0.0,54.7,163.9765625,0,0.0
559,500,0.0,54.9,163.9765625,0,0.0
560,500,0.0,57.6,163.9765625,0,0.0
561,500,0.0,50.0,163.9765625,0,0.0
562,500,0.0,53.8,163.9765625,0,0.0
563,500,0.0,49.4,163.9765625,0,0.0
564,500,0.0,47.9,163.9765625,0,0.0
565,500,0.0,47.1,163.0234375,0,0.0
566,500,0.0,49.4,163.0234375,0,0.0
567,500,0.0,53.8,163.0234375,0,0.0
568,500,2.0065936779992626,62.7,163.6796875,0,114.62210935964312
569,500,0.0,39.5,163.6796875,0,0.0
570,500,0.0,42.2,163.6796875,0,0.0
571,500,0.0,45.8,163.6796875,0,0.0
572,500,0.0,46.3,163.6796875,0,0.0
573,500,0.0,41.6,163.6796875,0,0.0
574,500,0.0,35.5,163.6796875,0,0.0
575,500,0.0,43.0,163.6796875,0,0.0
576,500,0.0,41.6,163.6796875,0,0.0
577,500,0.0,41.2,163.6796875,0,0.0
578,500,0.0,44.8,163.6796875,0,0.0
579,500,0.0,47.5,163.6796875,0,0.0
580,500,0.0,45.5,163.6796875,0,0.0
581,500,0.0,42.4,163.6796875,0,0.0
582,500,0.0,38.7,163.6796875,0,0.0
583,500,0.0,47.2,163.6796875,0,0.0
584,500,0.0,44.3,163.6796875,0,0.0
585,500,0.0,45.1,163.6796875,0,0.0
586,500,0.0,35.6,163.6796875,0,0.0
587,500,0.0,45.7,163.6796875,0,0.0
588,500,0.0,48.6,163.6796875,0,0.0
589,500,0.0,45.2,163.6796875,0,0.0
590,500,0.0,47.3,163.6796875,0,0.0
591,500,0.0,35.2,163.6796875,0,0.0
592,500,0.0,52.0,163.6796875,0,0.0
593,500,0.0,45.5,163.6796875,0,0.0
594,500,0.0,56.1,163.6796875,0,0.0
595,500,0.0,42.9,163.6796875,0,0.0
596,500,0.0,41.5,163.6796875,0,0.0
597,500,0.0,41.2,163.6796875,0,0.0
598,500,0.0,49.7,163.6796875,0,0.0
599,500,0.0,40.8,163.6796875,0,0.0
600,500,0.0,42.2,163.6796875,0,0.0
601,500,0.0,38.0,163.6796875,0,0.0
602,500,0.0,49.4,163.6796875,0,0.0
603,500,0.0,48.8,163.6796875,0,0.0
604,500,0.0,40.7,163.6796875,0,0.0
605,500,0.0,52.0,163.6796875,0,0.0
606,500,0.0,47.3,163.6796875,0,0.0
607,500,0.0,53.7,163.6796875,0,0.0
608,500,0.0,37.7,163.6796875,0,0.0
609,500,0.0,47.3,163.6796875,0,0.0
610,500,0.0,40.1,163.6796875,0,0.0
611,500,0.0,47.5,163.6796875,0,0.0
612,500,0.0,46.6,163.6796875,0,0.0
613,500,0.0,42.3,162.703125,0,0.0
614,500,0.0,47.7,162.703125,0,0.0
615,500,0.0,47.3,162.703125,0,0.0
616,500,0.0,42.9,162.703125,0,0.0
617,500,0.0,50.3,162.703125,0,0.0
618,500,0.0,45.1,162.703125,0,0.0
619,500,0.0,39.8,162.703125,0,0.0
620,500,0.0,50.0,162.703125,0,0.0
621,500,0.0,42.1,162.703125,0,0.0
622,500,0.0,48.5,162.703125,0,0.0
623,500,0.0,47.6,162.703125,0,0.0
624,500,0.0,39.5,162.703125,0,0.0
625,500,0.0,47.7,162.703125,0,0.0
626,500,0.0,43.0,162.703125,0,0.0
627,500,0.0,45.0,162.703125,0,0.0
628,500,0.0,41.3,162.703125,0,0.0
629,500,0.0,44.7,162.703125,0,0.0
630,500,0.0,43.7,162.703125,0,0.0
631,500,0.0,48.1,162.703125,0,0.0
632,500,0.0,51.2,162.703125,0,0.0
633,500,0.0,47.3,162.703125,0,0.0
634,500,0.0,37.0,162.703125,0,0.0
635,500,0.0,44.3,162.703125,0,0.0
636,500,0.0,53.7,162.703125,0,0.0
637,500,0.0,45.5,162.703125,0,0.0
638,500,0.0,34.4,162.703125,0,0.0
639,500,0.0,45.0,162.703125,0,0.0
640,500,0.0,39.4,162.703125,0,0.0
641,500,0.0,52.1,162.703125,0,0.0
642,500,0.0,43.5,162.703125,0,0.0
643,500,0.0,39.3,162.703125,0,0.0
644,500,0.0,37.7,162.703125,0,0.0
645,500,0.0,49.1,162.703125,0,0.0
646,500,0.0,40.4,162.703125,0,0.0
647,500,0.0,43.5,162.703125,0,0.0
648,500,0.0,43.6,162.703125,0,0.0
649,500,0.0,42.6,162.703125,0,0.0
650,500,0.0,45.7,162.703125,0,0.0
651,500,0.0,38.0,162.703125,0,0.0
652,500,0.0,42.3,162.703125,0,0.0
653,500,0.0,46.6,162.703125,0,0.0
654,500,0.0,40.6,162.703125,0,0.0
655,500,0.0,36.4,162.703125,0,0.0
656,500,0.0,48.4,162.703125,0,0.0
657,500,0.0,42.2,162.703125,0,0.0
658,500,0.0,38.5,162.703125,0,0.0
659,500,0.0,43.1,162.703125,0,0.0
660,500,0.0,40.4,162.703125,0,0.0
661,500,0.0,45.0,162.703125,0,0.0
662,500,0.0,41.6,162.703125,0,0.0
663,500,0.0,47.9,162.703125,0,0.0
664,500,0.0,42.7,162.703125,0,0.0
665,500,0.0,47.5,162.703125,0,0.0
666,500,0.0,50.0,162.703125,0,0.0
667,500,0.0,38.0,162.703125,0,0.0
668,500,0.0,42.1,162.703125,0,0.0
669,500,0.0,44.7,162.703125,0,0.0
670,500,0.0,45.6,162.703125,0,0.0
671,500,0.0,37.2,162.703125,0,0.0
672,500,0.0,42.2,162.703125,0,0.0
673,500,0.0,41.2,162.703125,0,0.0
674,500,0.0,37.9,162.703125,0,0.0
675,500,0.0,43.5,162.703125,0,0.0
676,500,0.0,45.1,162.703125,0,0.0
677,500,0.0,47.2,162.703125,0,0.0
678,500,0.0,33.7,162.703125,0,0.0
679,500,0.0,42.1,162.703125,0,0.0
680,500,0.0,50.9,162.703125,0,0.0
681,500,0.0,50.9,162.703125,0,0.0
682,500,0.0,46.9,162.703125,0,0.0
683,500,0.0,40.4,162.703125,0,0.0
684,500,0.0,41.0,162.703125,0,0.0
685,500,0.0,45.2,162.703125,0,0.0
686,500,0.0,42.0,162.703125,0,0.0
687,500,0.0,41.8,162.703125,0,0.0
688,500,0.0,47.8,162.703125,0,0.0
689,500,0.0,52.2,162.703125,0,0.0
690,500,0.0,45.7,162.703125,0,0.0
691,500,0.0,41.1,162.703125,0,0.0
692,500,0.0,50.9,162.703125,0,0.0
693,500,0.0,43.8,162.703125,0,0.0
694,500,0.0,53.3,162.703125,0,0.0
695,500,0.0,41.2,162.703125,0,0.0
696,500,0.0,41.4,162.703125,0,0.0
697,500,0.0,44.2,162.703125,0,0.0
698,500,0.0,45.1,162.703125,0,0.0
699,500,0.0,44.3,162.703125,0,0.0
700,500,0.0,49.1,162.703125,0,0.0
701,500,0.0,41.8,162.703125,0,0.0
702,500,0.0,48.8,162.703125,0,0.0
703,500,0.0,50.0,162.703125,0,0.0
704,500,0.0,40.7,162.703125,0,0.0
705,500,0.0,51.5,162.703125,0,0.0
706,500,0.0,40.1,162.703125,0,0.0
707,500,0.0,51.5,162.703125,0,0.0
708,500,0.0,48.8,162.703125,0,0.0
709,500,0.0,44.4,162.703125,0,0.0
710,500,0.0,43.7,162.703125,0,0.0
711,500,0.0,44.0,162.703125,0,0.0
712,500,0.0,45.1,162.703125,0,0.0
713,500,0.0,52.9,162.703125,0,0.0
714,500,0.0,44.7,162.703125,0,0.0
715,500,0.0,37.9,162.703125,0,0.0
716,500,0.0,50.9,162.703125,0,0.0
717,500,0.0,48.2,162.703125,0,0.0
718,500,0.0,39.7,162.703125,0,0.0
719,500,0.0,53.0,162.703125,0,0.0
720,500,0.0,47.7,162.703125,0,0.0
721,500,0.0,37.1,162.703125,0,0.0
722,500,0.0,54.2,162.703125,0,0.0
723,500,0.0,44.7,162.703125,0,0.0
724,500,0.0,37.8,162.703125,0,0.0
725,500,0.0,44.1,162.703125,0,0.0
726,500,0.0,54.5,162.703125,0,0.0
727,500,0.0,47.5,162.703125,0,0.0
728,500,0.0,49.7,162.703125,0,0.0
729,500,0.0,48.4,162.703125,0,0.0
730,500,0.0,38.7,162.703125,0,0.0
731,500,0.0,47.0,162.703125,0,0.0
732,500,0.0,43.0,162.703125,0,0.0
733,500,0.0,43.8,162.703125,0,0.0
734,500,0.0,44.8,162.703125,0,0.0
735,500,0.0,41.2,162.703125,0,0.0
736,500,0.0,48.8,162.703125,0,0.0
737,500,0.0,49.4,162.703125,0,0.0
738,500,0.0,45.7,162.703125,0,0.0
739,500,0.0,46.9,162.703125,0,0.0
740,500,0.0,35.4,162.703125,0,0.0
741,500,0.0,50.6,162.703125,0,0.0
742,500,0.0,41.1,162.703125,0,0.0
743,500,0.0,47.0,162.703125,0,0.0
744,500,0.0,43.2,162.703125,0,0.0
745,500,0.0,44.0,162.703125,0,0.0
746,500,0.0,45.4,162.703125,0,0.0
747,500,0.0,38.9,162.703125,0,0.0
748,500,0.0,40.1,162.703125,0,0.0
749,500,0.0,45.3,162.703125,0,0.0
750,500,0.0,38.7,162.703125,0,0.0
751,500,0.0,48.8,162.703125,0,0.0
752,500,0.0,57.9,162.703125,0,0.0
753,500,0.0,37.0,162.703125,0,0.0
754,500,0.0,43.8,162.703125,0,0.0
755,500,0.0,44.1,162.703125,0,0.0
756,500,0.0,41.8,162.703125,0,0.0
757,500,0.0,37.8,162.703125,0,0.0
758,500,0.0,45.6,162.703125,0,0.0
759,500,0.0,39.5,162.703125,0,0.0
760,500,0.0,47.2,162.703125,0,0.0
761,500,0.0,44.6,162.703125,0,0.0
762,500,0.0,45.6,162.703125,0,0.0
763,500,0.0,43.8,162.703125,0,0.0
764,500,0.0,45.0,162.703125,0,0.0
765,500,0.0,49.7,162.703125,0,0.0
766,500,0.0,40.4,162.703125,0,0.0
767,500,0.0,46.8,162.703125,0,0.0
768,500,0.0,41.3,162.703125,0,0.0
769,500,0.0,50.6,162.703125,0,0.0
770,500,0.0,37.1,162.703125,0,0.0
771,500,0.0,37.7,162.703125,0,0.0
772,500,0.0,47.0,162.703125,0,0.0
773,500,0.0,46.6,162.703125,0,0.0
774,500,0.0,46.6,162.703125,0,0.0
775,500,0.0,40.7,162.703125,0,0.0
776,500,0.0,45.7,162.703125,0,0.0
777,500,0.0,40.4,162.703125,0,0.0
778,500,0.0,53.8,162.703125,0,0.0
779,500,0.0,44.4,162.703125,0,0.0
780,500,0.0,38.2,162.703125,0,0.0
781,500,0.0,41.5,162.703125,0,0.0
782,500,0.0,46.3,162.703125,0,0.0
783,500,0.0,49.1,161.73828125,0,0.0
784,500,0.0,46.3,161.73828125,0,0.0
785,500,0.0,39.8,161.73828125,0,0.0
786,500,0.0,39.2,161.73828125,0,0.0
787,500,0.0,47.3,161.73828125,0,0.0
788,500,0.0,46.4,161.73828125,0,0.0
789,500,0.0,44.6,161.73828125,0,0.0
790,500,0.0,38.7,161.73828125,0,0.0
791,500,0.0,48.6,161.73828125,0,0.0
792,500,0.0,37.3,161.73828125,0,0.0
793,500,0.0,50.6,161.73828125,0,0.0
794,500,0.0,41.1,161.73828125,0,0.0
795,500,0.0,39.8,161.73828125,0,0.0
796,500,0.0,40.0,161.73828125,0,0.0
797,500,0.0,44.8,161.73828125,0,0.0
798,500,0.0,56.4,161.73828125,0,0.0
799,500,0.0,45.4,161.73828125,0,0.0
800,500,0.0,40.0,161.73828125,0,0.0
801,500,0.0,46.6,161.73828125,0,0.0
802,500,0.0,41.9,161.73828125,0,0.0
803,500,0.0,50.9,161.73828125,0,0.0
804,500,0.0,37.2,161.73828125,0,0.0
805,500,0.0,45.8,161.73828125,0,0.0
806,500,0.0,39.8,161.73828125,0,0.0
807,500,0.0,47.6,161.73828125,0,0.0
808,500,0.0,44.9,161.73828125,0,0.0
809,500,0.0,45.5,161.73828125,0,0.0
810,500,0.0,49.7,161.73828125,0,0.0
811,500,0.0,37.6,161.73828125,0,0.0
812,500,0.0,49.1,161.73828125,0,0.0
813,500,0.0,39.0,161.73828125,0,0.0
814,500,0.0,47.0,161.73828125,0,0.0
815,500,0.0,40.9,161.73828125,0,0.0
816,500,0.0,44.3,161.73828125,0,0.0
817,500,0.0,45.3,161.73828125,0,0.0
818,500,0.0,44.9,161.73828125,0,0.0
819,500,0.0,40.2,161.73828125,0,0.0
820,500,0.0,46.9,161.73828125,0,0.0
821,500,0.0,44.8,161.7421875,0,0.0
822,500,0.0,38.0,161.7421875,0,0.0
823,500,0.0,54.1,161.7421875,0,0.0
824,500,0.0,47.3,161.7421875,0,0.0
825,500,0.0,38.7,161.7421875,0,0.0
826,500,0.0,52.3,161.7421875,0,0.0
827,500,0.0,42.9,161.7421875,0,0.0
828,500,0.0,42.8,161.7421875,0,0.0
829,500,0.0,47.6,161.7421875,0,0.0
830,500,0.0,43.9,161.7421875,0,0.0
831,500,0.0,48.8,161.7421875,0,0.0
832,500,0.0,38.7,161.7421875,0,0.0
833,500,0.0,42.5,161.7421875,0,0.0
834,500,0.0,47.9,161.7421875,0,0.0
835,500,0.0,47.3,161.7421875,0,0.0
836,500,0.0,46.0,161.7421875,0,0.0
837,500,0.0,47.9,161.7421875,0,0.0
838,500,0.0,41.4,161.7421875,0,0.0
839,500,0.0,46.4,161.7421875,0,0.0
840,500,0.0,49.1,161.7421875,0,0.0
841,500,0.0,45.6,161.7421875,0,0.0
842,500,0.0,45.6,161.7421875,0,0.0
843,500,0.0,43.4,161.7421875,0,0.0
844,500,0.0,36.2,161.7421875,0,0.0
845,500,0.0,47.2,161.7421875,0,0.0
846,500,0.0,40.6,161.7421875,0,0.0
847,500,0.0,47.2,161.7421875,0,0.0
848,500,0.0,46.4,161.7421875,0,0.0
849,500,0.0,42.3,161.7421875,0,0.0
850,500,0.0,53.7,161.7421875,0,0.0
851,500,0.0,41.1,161.7421875,0,0.0
852,500,0.0,39.4,161.7421875,0,0.0
853,500,0.0,46.6,161.7421875,0,0.0
854,500,0.0,44.8,161.7421875,0,0.0
855,500,0.0,46.3,161.7421875,0,0.0
856,500,0.0,39.0,161.7421875,0,0.0
857,500,0.0,44.2,161.7421875,0,0.0
858,500,0.0,49.4,161.7421875,0,0.0
859,500,0.0,43.9,161.7421875,0,0.0
860,500,0.0,44.4,161.7421875,0,0.0
861,500,0.0,45.5,161.7421875,0,0.0
862,500,0.0,47.2,161.7421875,0,0.0
863,500,0.0,41.3,161.7421875,0,0.0
864,500,0.0,49.1,161.7421875,0,0.0
865,500,0.0,48.9,161.7421875,0,0.0
866,500,0.0,46.4,161.7421875,0,0.0
867,500,0.0,52.0,161.7421875,0,0.0
868,500,0.0,42.5,161.7421875,0,0.0
869,500,0.0,50.6,161.7421875,0,0.0
870,500,0.0,37.8,161.7421875,0,0.0
871,500,0.0,46.9,161.7421875,0,0.0
872,500,0.0,43.5,161.7421875,0,0.0
873,500,0.0,41.9,161.7421875,0,0.0
874,500,0.0,48.2,161.7421875,0,0.0
875,500,0.0,40.6,161.7421875,0,0.0
876,500,0.0,60.2,161.7421875,0,0.0
877,500,0.0,48.5,161.7421875,0,0.0
878,500,0.0,42.4,161.7421875,0,0.0
879,500,0.0,56.8,161.7421875,0,0.0
880,500,0.0,53.0,161.7421875,0,0.0
881,500,0.0,43.5,161.7421875,0,0.0
882,500,0.0,57.2,161.7421875,0,0.0
883,500,0.0,36.0,161.7421875,0,0.0
884,500,0.0,18.4,161.7421875,0,0.0
885,500,0.0,11.6,161.7421875,0,0.0
886,500,0.0,10.7,161.7421875,0,0.0
887,500,0.0,12.3,161.7421875,0,0.0
888,500,0.0,7.9,161.7421875,0,0.0
889,500,0.0,14.7,161.7421875,0,0.0
890,500,0.0,7.3,161.7421875,0,0.0
891,500,0.0,3.7,161.7421875,0,0.0
892,500,0.0,4.2,161.7421875,0,0.0
893,500,0.0,8.5,161.7421875,0,0.0
894,500,0.0,7.3,161.7421875,0,0.0
895,500,0.0,12.7,161.7421875,0,0.0
896,500,0.0,8.5,161.7421875,0,0.0
897,500,0.0,12.1,161.7421875,0,0.0
898,500,0.0,6.1,161.7421875,0,0.0
899,500,0.0,13.3,161.7421875,0,0.0
900,500,0.0,6.7,161.7421875,0,0.0
901,500,0.0,9.8,161.7421875,0,0.0
902,500,0.0,5.3,161.7421875,0,0.0
903,500,0.0,7.5,161.7421875,0,0.0
904,500,0.0,4.9,161.7421875,0,0.0
905,500,0.0,2.2,161.7421875,0,0.0
906,500,0.0,4.7,161.7421875,0,0.0
907,500,0.0,17.5,161.7421875,0,0.0
908,500,0.0,6.7,161.7421875,0,0.0
909,500,0.0,6.1,161.7421875,0,0.0
910,500,0.0,8.0,161.7421875,0,0.0
911,500,0.0,6.6,161.7421875,0,0.0
912,500,0.0,1.2,161.7421875,0,0.0
913,500,0.0,1.8,161.7421875,0,0.0
914,500,0.0,4.8,161.7421875,0,0.0
915,500,0.0,0.6,161.7421875,0,0.0
916,500,0.0,3.0,161.7421875,0,0.0
917,500,0.0,3.7,161.7421875,0,0.0
918,500,0.0,2.4,161.7421875,0,0.0
919,500,0.0,9.1,161.7421875,0,0.0
920,500,0.0,10.7,161.7421875,0,0.0
921,500,0.0,3.0,161.7421875,0,0.0
922,500,0.0,11.8,161.7421875,0,0.0
923,500,0.0,2.5,161.7421875,0,0.0
924,500,0.0,7.8,161.7421875,0,0.0
925,500,0.0,4.8,161.7421875,0,0.0
926,500,0.0,3.7,161.7421875,0,0.0
927,500,0.0,1.8,161.7421875,0,0.0
928,500,0.0,4.2,161.7421875,0,0.0
929,500,0.0,4.3,161.7421875,0,0.0
930,500,0.0,16.9,161.7421875,0,0.0
931,500,0.0,9.1,161.7421875,0,0.0
932,500,0.0,13.3,161.7421875,0,0.0
933,500,0.0,35.5,161.7421875,0,0.0
934,500,0.0,28.1,161.7421875,0,0.0
935,500,0.0,26.2,161.7421875,0,0.0
936,500,0.0,19.9,161.7421875,0,0.0
937,500,0.0,17.0,161.7421875,0,0.0
938,500,0.0,18.0,161.7421875,0,0.0
939,500,0.0,17.9,161.7421875,0,0.0
940,500,0.0,15.9,161.7421875,0,0.0
941,500,0.0,15.9,161.7421875,0,0.0
942,500,0.0,21.6,161.7421875,0,0.0
943,500,0.0,28.4,161.7421875,0,0.0
944,500,0.0,17.5,161.7421875,0,0.0
945,500,0.0,20.6,161.7421875,0,0.0
946,500,0.0,20.4,161.7421875,0,0.0
947,500,0.0,20.5,161.7421875,0,0.0
948,500,0.0,6.7,161.7421875,0,0.0
949,500,0.0,16.0,161.7421875,0,0.0
950,500,0.0,20.2,161.7421875,0,0.0
951,500,0.0,11.9,161.7421875,0,0.0
952,500,0.0,23.3,161.7421875,0,0.0
953,500,0.0,8.6,161.7421875,0,0.0
954,500,0.0,1.2,161.7421875,0,0.0
955,500,0.0,10.4,161.7421875,0,0.0
956,500,0.0,6.7,161.7421875,0,0.0
957,500,0.0,1.2,161.7421875,0,0.0
958,500,0.0,2.4,161.7421875,0,0.0
959,500,0.0,2.5,161.7421875,0,0.0
960,500,0.0,1.8,161.7421875,0,0.0
961,500,0.0,0.6,161.7421875,0,0.0
962,500,0.0,2.4,161.7421875,0,0.0
963,500,0.0,0.6,161.7421875,0,0.0
964,500,0.0,1.8,161.7421875,0,0.0
965,500,0.0,2.4,161.7421875,0,0.0
966,500,0.0,1.8,161.7421875,0,0.0
967,500,0.0,1.2,161.7421875,0,0.0
968,500,0.0,1.2,161.7421875,0,0.0
969,500,0.0,3.6,161.7421875,0,0.0
970,500,0.0,1.8,161.7421875,0,0.0
971,500,0.0,0.6,161.7421875,0,0.0
972,500,0.0,3.0,161.7421875,0,0.0
973,500,0.0,2.4,161.7421875,0,0.0
974,500,0.0,2.4,161.7421875,0,0.0
975,500,0.0,2.4,161.7421875,0,0.0
976,500,0.0,2.4,161.7421875,0,0.0
977,500,0.0,1.8,161.7421875,0,0.0
978,500,0.0,9.1,161.7421875,0,0.0
979,500,0.0,6.7,161.7421875,0,0.0
980,500,0.0,6.1,161.7421875,0,0.0
981,500,0.0,5.6,161.7421875,0,0.0
982,500,0.0,15.6,161.7421875,0,0.0
983,500,0.0,21.2,161.7421875,0,0.0
984,500,0.0,12.3,161.7421875,0,0.0
985,500,0.0,6.1,161.7421875,0,0.0
986,500,0.0,11.0,161.7421875,0,0.0
987,500,0.0,6.1,161.7421875,0,0.0
988,500,0.0,3.7,161.7421875,0,0.0
989,500,0.0,1.8,161.7421875,0,0.0
990,500,0.0,1.8,161.7421875,0,0.0
991,500,0.0,2.4,161.7421875,0,0.0
992,500,0.0,1.2,161.7421875,0,0.0
993,500,0.0,1.8,161.7421875,0,0.0
994,500,0.0,2.4,161.7421875,0,0.0
995,500,0.0,1.2,161.7421875,0,0.0
996,500,0.0,1.2,161.7421875,0,0.0
997,500,0.0,1.2,161.7421875,0,0.0
998,500,0.0,3.4,161.7421875,0,0.0
999,500,0.0,3.3,161.7421875,0,0.0
1000,500,0.0,2.2,161.83984375,0,0.0
1001,500,0.0,3.8,162.88671875,0,0.0
1002,500,0.0,2.7,164.00390625,0,0.0
1003,500,0.0,1.2,164.00390625,0,0.0
1004,500,0.0,1.2,164.00390625,0,0.0
1005,500,0.0,1.2,164.00390625,0,0.0
1006,500,0.0,1.8,164.00390625,0,0.0
1007,500,0.0,11.1,164.00390625,0,0.0
1008,500,0.0,11.8,164.00390625,0,0.0
1009,500,0.0,1.9,164.00390625,0,0.0
1010,500,0.0,2.4,164.00390625,0,0.0
1011,500,0.0,12.9,164.00390625,0,0.0
1012,500,0.0,13.7,164.00390625,0,0.0
1013,500,0.0,13.3,164.00390625,0,0.0
1014,500,0.0,7.9,164.00390625,0,0.0
1015,500,0.0,4.2,164.00390625,0,0.0
1016,500,0.0,5.5,164.00390625,0,0.0
1017,500,0.0,9.2,164.00390625,0,0.0
1018,500,0.0,5.5,164.00390625,0,0.0
1019,500,0.0,1.8,164.00390625,0,0.0
1020,500,0.0,3.0,164.00390625,0,0.0
1021,500,0.0,3.6,164.00390625,0,0.0
1022,500,0.0,3.0,164.00390625,0,0.0
1023,500,0.0,3.0,164.00390625,0,0.0
1024,500,0.0,1.8,164.00390625,0,0.0
1025,500,0.0,2.4,164.00390625,0,0.0
1026,500,0.0,3.6,164.00390625,0,0.0
1027,500,0.0,5.0,164.00390625,0,0.0
1028,500,0.0,2.4,164.00390625,0,0.0
1029,500,0.0,2.4,164.00390625,0,0.0
1030,500,0.0,3.6,164.00390625,0,0.0
1031,500,0.0,10.5,164.00390625,0,0.0
1032,500,0.0,6.7,164.00390625,0,0.0
1033,500,0.0,3.6,164.00390625,0,0.0
1034,500,0.0,5.5,164.00390625,0,0.0
1035,500,0.0,6.9,164.00390625,0,0.0
1036,500,0.0,5.5,164.00390625,0,0.0
1037,500,0.0,3.0,164.00390625,0,0.0
1038,500,0.0,3.0,164.00390625,0,0.0
1039,500,0.0,10.6,164.00390625,0,0.0
1040,500,0.0,16.0,164.00390625,0,0.0
1041,500,0.0,4.8,164.00390625,0,0.0
1042,500,0.0,3.1,164.00390625,0,0.0
1043,500,0.0,3.0,164.00390625,0,0.0
1044,500,0.0,1.8,164.00390625,0,0.0
1045,500,0.0,1.8,164.00390625,0,0.0
1046,500,0.0,1.8,164.00390625,0,0.0
1047,500,0.0,1.2,164.00390625,0,0.0
1048,500,0.0,1.2,164.00390625,0,0.0
1049,500,0.0,1.8,164.00390625,0,0.0
1050,500,0.0,1.8,164.00390625,0,0.0
1051,500,0.0,1.8,164.00390625,0,0.0
1052,500,0.0,1.2,164.00390625,0,0.0
1053,500,0.0,1.2,164.00390625,0,0.0
1054,500,0.0,1.8,164.00390625,0,0.0
1055,500,0.0,27.3,164.00390625,0,0.0
1056,500,0.0,1.8,164.00390625,0,0.0
1057,500,0.0,1.8,164.00390625,0,0.0
1058,500,0.0,1.2,164.00390625,0,0.0
1059,500,0.0,1.8,164.00390625,0,0.0
1060,500,0.0,1.2,164.00390625,0,0.0
1061,500,0.0,2.4,164.00390625,0,0.0
1062,500,0.0,1.2,164.00390625,0,0.0
1063,500,0.0,1.2,164.00390625,0,0.0
1064,500,0.0,1.2,164.00390625,0,0.0
1065,500,0.0,3.0,164.00390625,0,0.0
1066,500,0.0,0.6,164.00390625,0,0.0
1067,500,0.0,1.8,164.00390625,0,0.0
1068,500,0.0,1.8,164.00390625,0,0.0
1069,500,0.0,1.8,164.00390625,0,0.0
1070,500,0.0,1.8,164.00390625,0,0.0
1071,500,0.0,0.6,164.00390625,0,0.0
1072,500,0.0,1.8,164.00390625,0,0.0
1073,500,0.0,6.7,164.00390625,0,0.0
1074,500,0.0,25.2,164.00390625,0,0.0
1075,500,0.0,4.9,164.00390625,0,0.0
1076,500,0.0,6.7,164.00390625,0,0.0
1077,500,0.0,8.5,164.00390625,0,0.0
1078,500,0.0,8.4,164.00390625,0,0.0
1079,500,0.0,14.2,164.00390625,0,0.0
1080,500,0.0,14.5,164.00390625,0,0.0
1081,500,0.0,8.5,164.00390625,0,0.0
1082,500,0.0,6.0,164.00390625,0,0.0
1083,500,0.0,3.0,164.00390625,0,0.0
1084,500,0.0,3.0,164.00390625,0,0.0
1085,500,0.0,3.0,164.00390625,0,0.0
1086,500,0.0,3.6,164.00390625,0,0.0
1087,500,0.0,6.1,164.00390625,0,0.0
1088,500,0.0,2.4,164.00390625,0,0.0
1089,500,0.0,4.8,164.00390625,0,0.0
1090,500,0.0,4.2,164.00390625,0,0.0
1091,500,0.0,0.6,164.00390625,0,0.0
1092,500,0.0,14.4,164.00390625,0,0.0
1093,500,0.0,3.7,164.00390625,0,0.0
1094,500,0.0,7.3,164.00390625,0,0.0
1095,500,0.0,6.6,164.00390625,0,0.0
1096,500,0.0,4.8,164.00390625,0,0.0
1097,500,0.0,6.7,164.00390625,0,0.0
1098,500,0.0,10.3,164.00390625,0,0.0
1099,500,0.0,4.8,164.00390625,0,0.0
1100,500,0.0,6.0,164.00390625,0,0.0
1101,500,0.0,4.3,164.00390625,0,0.0
1102,500,0.0,10.4,164.00390625,0,0.0
1103,500,0.0,18.5,164.00390625,0,0.0
1104,500,0.0,12.1,164.00390625,0,0.0
1105,500,0.0,34.2,164.00390625,0,0.0
1106,500,0.0,31.1,164.00390625,0,0.0
1107,500,0.0,23.0,164.00390625,0,0.0
1108,500,0.0,32.7,164.00390625,0,0.0
1109,500,0.0,17.8,164.00390625,0,0.0
1110,500,0.0,24.9,164.00390625,0,0.0
1111,500,0.0,24.9,164.00390625,0,0.0
1112,500,0.0,15.7,164.00390625,0,0.0
1113,500,0.0,13.5,164.00390625,0,0.0
1114,500,0.0,13.8,164.00390625,0,0.0
1115,500,0.0,9.7,164.00390625,0,0.0
1116,500,0.0,15.2,164.00390625,0,0.0
1117,500,0.0,19.1,164.00390625,0,0.0
1118,500,0.0,18.6,164.00390625,0,0.0
1119,500,0.0,16.0,164.00390625,0,0.0
1120,500,0.0,9.9,164.00390625,0,0.0
1121,500,0.0,3.0,164.00390625,0,0.0
1122,500,0.0,12.3,164.00390625,0,0.0
1123,500,0.0,9.9,164.00390625,0,0.0
1124,500,0.0,29.3,164.00390625,0,0.0
1125,500,0.0,13.6,164.00390625,0,0.0
1126,500,0.0,10.5,164.00390625,0,0.0
1127,500,0.0,8.5,164.00390625,0,0.0
1128,500,0.0,14.4,164.00390625,0,0.0
1129,500,0.0,4.9,164.00390625,0,0.0
1130,500,0.0,6.6,164.00390625,0,0.0
1131,500,0.0,6.1,164.00390625,0,0.0
1132,500,0.0,7.9,164.00390625,0,0.0
1133,500,0.0,5.5,164.00390625,0,0.0
1134,500,0.0,7.3,164.00390625,0,0.0
1135,500,0.0,8.4,164.00390625,0,0.0
1136,500,0.0,4.8,164.00390625,0,0.0
1137,500,0.0,4.8,164.00390625,0,0.0
1138,500,0.0,6.0,164.00390625,0,0.0
1139,500,0.0,3.6,164.00390625,0,0.0
1140,500,0.0,1.8,164.00390625,0,0.0
1141,500,0.0,6.7,164.00390625,0,0.0
1142,500,0.0,2.4,164.00390625,0,0.0
1143,500,0.0,1.8,164.00390625,0,0.0
1144,500,0.0,2.4,164.00390625,0,0.0
1145,500,0.0,3.6,164.00390625,0,0.0
1146,500,0.0,4.8,164.00390625,0,0.0
1147,500,0.0,4.3,164.00390625,0,0.0
1148,500,0.0,4.8,164.00390625,0,0.0
1149,500,0.0,3.6,164.00390625,0,0.0
1150,500,0.0,9.7,164.00390625,0,0.0
1151,500,0.0,8.6,164.00390625,0,0.0
1152,500,0.0,6.2,164.00390625,0,0.0
1153,500,0.0,12.0,164.00390625,0,0.0
1154,500,0.0,4.9,164.00390625,0,0.0
1155,500,0.0,4.8,164.00390625,0,0.0
1156,500,0.0,4.3,164.00390625,0,0.0
1157,500,0.0,1.8,164.00390625,0,0.0
1158,500,0.0,6.6,164.00390625,0,0.0
1159,500,0.0,17.2,164.00390625,0,0.0
1160,500,0.0,12.3,164.00390625,0,0.0
1161,500,0.0,25.2,164.00390625,0,0.0
1162,500,0.0,41.6,164.00390625,0,0.0
1163,500,0.0,26.2,164.00390625,0,0.0
1164,500,0.0,39.6,164.00390625,0,0.0
1165,500,0.0,21.3,164.00390625,0,0.0
1166,500,0.0,17.2,164.00390625,0,0.0
1167,500,0.0,14.8,164.00390625,0,0.0
1168,500,0.0,14.0,164.00390625,0,0.0
1169,500,0.0,18.8,164.00390625,0,0.0
1170,500,0.0,23.0,164.00390625,0,0.0
1171,500,0.0,16.7,164.00390625,0,0.0
1172,500,0.0,20.4,164.00390625,0,0.0
1173,500,0.0,15.2,164.00390625,0,0.0
1174,500,0.0,12.3,164.00390625,0,0.0
1175,500,0.0,6.8,164.00390625,0,0.0
1176,500,0.0,11.6,164.00390625,0,0.0
1177,500,0.0,8.6,164.00390625,0,0.0
1178,500,0.0,1.2,164.00390625,0,0.0
1179,500,0.0,2.4,164.00390625,0,0.0
1180,500,0.0,2.4,164.00390625,0,0.0
1181,500,0.0,4.2,164.00390625,0,0.0
1182,500,0.0,1.2,164.00390625,0,0.0
1183,500,0.0,12.0,164.00390625,0,0.0
1184,500,0.0,3.6,164.00390625,0,0.0
1185,500,0.0,1.8,164.00390625,0,0.0
1186,500,0.0,0.6,164.00390625,0,0.0
1187,500,0.0,1.8,164.00390625,0,0.0
1188,500,0.0,1.8,164.00390625,0,0.0
1189,500,0.0,1.8,164.00390625,0,0.0
1190,500,0.0,1.2,164.00390625,0,0.0
1191,500,0.0,1.8,164.00390625,0,0.0
1192,500,0.0,1.8,164.00390625,0,0.0
1193,500,0.0,1.2,164.00390625,0,0.0
1194,500,0.0,2.4,164.00390625,0,0.0
1195,500,0.0,1.2,164.00390625,0,0.0
1196,500,0.0,1.2,164.00390625,0,0.0
1197,500,0.0,1.2,164.00390625,0,0.0
1198,500,0.0,2.4,164.00390625,0,0.0
1199,500,0.0,1.2,164.00390625,0,0.0
1200,500,0.0,1.8,164.00390625,0,0.0
1201,500,0.0,3.7,164.00390625,0,0.0
1202,500,0.0,31.4,164.00390625,0,0.0
1203,500,0.0,3.7,164.00390625,0,0.0
1204,500,0.0,7.5,164.00390625,0,0.0
1205,500,0.0,5.5,164.00390625,0,0.0
1206,500,0.0,12.7,164.00390625,0,0.0
1207,500,0.0,14.3,164.00390625,0,0.0
1208,500,0.0,10.5,164.00390625,0,0.0
1209,500,0.0,9.2,164.00390625,0,0.0
1210,500,0.0,5.4,164.00390625,0,0.0
1211,500,0.0,3.6,164.00390625,0,0.0
1212,500,0.0,1.8,164.00390625,0,0.0
1213,500,0.0,3.6,164.00390625,0,0.0
1214,500,0.0,1.2,164.00390625,0,0.0
1215,500,0.0,0.6,164.00390625,0,0.0
1216,500,0.0,1.2,164.00390625,0,0.0
1217,500,0.0,1.8,164.00390625,0,0.0
1218,500,0.0,4.2,164.00390625,0,0.0
1219,500,0.0,2.4,164.00390625,0,0.0
1220,500,0.0,1.2,164.00390625,0,0.0
1221,500,0.0,1.8,164.00390625,0,0.0
1222,500,0.0,0.6,164.00390625,0,0.0
1223,500,0.0,2.4,164.00390625,0,0.0
1224,500,0.0,1.2,164.00390625,0,0.0
1225,500,0.0,1.8,164.00390625,0,0.0
1226,500,0.0,1.2,164.00390625,0,0.0
1227,500,0.0,1.8,164.00390625,0,0.0
1228,500,0.0,3.0,164.00390625,0,0.0
1229,500,0.0,1.8,164.00390625,0,0.0
1230,500,0.0,1.8,164.00390625,0,0.0
1231,500,0.0,1.2,164.00390625,0,0.0
1232,500,0.0,1.8,164.00390625,0,0.0
1233,500,0.0,1.2,164.00390625,0,0.0
1234,500,0.0,1.2,164.00390625,0,0.0
1235,500,0.0,2.4,164.00390625,0,0.0
1236,500,0.0,1.2,164.00390625,0,0.0
1237,500,0.0,1.8,164.00390625,0,0.0
1238,500,0.0,2.4,164.00390625,0,0.0
1239,500,0.0,1.2,164.00390625,0,0.0
1240,500,0.0,1.8,164.00390625,0,0.0
1241,500,0.0,1.2,164.00390625,0,0.0
1242,500,0.0,3.7,164.00390625,0,0.0
1243,500,0.0,1.8,164.00390625,0,0.0
1244,500,0.0,14.0,164.00390625,0,0.0
1245,500,0.0,6.0,164.00390625,0,0.0
1246,500,0.0,1.2,164.00390625,0,0.0
1247,500,0.0,1.8,164.00390625,0,0.0
1248,500,0.0,1.2,164.00390625,0,0.0
1249,500,0.0,1.8,164.00390625,0,0.0
1250,500,0.0,2.4,164.00390625,0,0.0
1251,500,0.0,0.6,164.00390625,0,0.0
1252,500,0.0,2.4,164.00390625,0,0.0
1253,500,0.0,1.8,164.00390625,0,0.0
1254,500,0.0,1.8,164.00390625,0,0.0
1255,500,0.0,1.2,164.00390625,0,0.0
1256,500,0.0,2.3,164.00390625,0,0.0
1257,500,0.0,2.3,164.00390625,0,0.0
1258,500,0.0,1.7,164.00390625,0,0.0
1259,500,0.0,2.3,164.00390625,0,0.0
1260,500,0.0,1.7,164.00390625,0,0.0
1261,500,0.0,3.4,164.00390625,0,0.0
1262,500,0.0,0.6,164.00390625,0,0.0
1263,500,0.0,1.8,164.00390625,0,0.0
1264,500,0.0,0.6,164.00390625,0,0.0
1265,500,0.0,0.6,164.00390625,0,0.0
1266,500,0.0,2.4,164.00390625,0,0.0
1267,500,0.0,0.6,164.00390625,0,0.0
1268,500,0.0,1.8,164.00390625,0,0.0
1269,500,0.0,0.6,164.00390625,0,0.0
1270,500,0.0,1.8,164.00390625,0,0.0
1271,500,0.0,2.4,164.00390625,0,0.0
1272,500,0.0,0.6,164.00390625,0,0.0
1273,500,0.0,1.8,164.00390625,0,0.0
1274,500,0.0,1.2,164.00390625,0,0.0
1275,500,0.0,1.8,164.00390625,0,0.0
1276,500,0.0,2.4,164.00390625,0,0.0
1277,500,0.0,1.8,164.00390625,0,0.0
1278,500,0.0,1.2,164.00390625,0,0.0
1279,500,0.0,1.2,164.00390625,0,0.0
1280,500,0.0,1.8,164.00390625,0,0.0
1281,500,0.0,0.6,164.00390625,0,0.0
1282,500,0.0,1.8,164.00390625,0,0.0
1283,500,0.0,0.6,164.00390625,0,0.0
1284,500,0.0,1.8,164.00390625,0,0.0
1285,500,0.0,2.4,164.00390625,0,0.0
1286,500,0.0,1.2,164.00390625,0,0.0
1287,500,0.0,0.6,164.00390625,0,0.0
1288,500,0.0,1.8,164.00390625,0,0.0
1289,500,0.0,1.8,164.00390625,0,0.0
1290,500,0.0,1.8,164.00390625,0,0.0
1291,500,0.0,1.8,164.00390625,0,0.0
1292,500,0.0,0.6,164.00390625,0,0.0
1293,500,0.0,1.2,164.00390625,0,0.0
1294,500,0.0,1.2,164.00390625,0,0.0
1295,500,0.0,1.8,164.00390625,0,0.0
1296,500,0.0,1.2,164.00390625,0,0.0
1297,500,0.0,1.8,164.00390625,0,0.0
1298,500,0.0,1.2,164.00390625,0,0.0
1299,500,0.0,1.2,164.00390625,0,0.0
1300,500,0.0,1.2,164.00390625,0,0.0
1301,500,0.0,1.8,164.00390625,0,0.0
1302,500,0.0,1.2,164.00390625,0,0.0
1303,500,0.0,1.2,164.00390625,0,0.0
1304,500,0.0,1.8,164.00390625,0,0.0
1305,500,0.0,1.8,164.00390625,0,0.0
1306,500,0.0,1.8,164.00390625,0,0.0
1307,500,0.0,1.8,164.00390625,0,0.0
1308,500,0.0,1.2,164.00390625,0,0.0
1309,500,0.0,3.0,164.00390625,0,0.0
1310,500,0.0,1.2,164.00390625,0,0.0
1311,500,0.0,1.8,164.00390625,0,0.0
1312,500,0.0,0.6,164.00390625,0,0.0
1313,500,0.0,1.8,164.00390625,0,0.0
1314,500,0.0,1.8,164.00390625,0,0.0
1315,500,0.0,2.4,164.00390625,0,0.0
1316,500,0.0,1.2,164.00390625,0,0.0
1317,500,0.0,1.2,164.00390625,0,0.0
1318,500,0.0,1.2,164.00390625,0,0.0
1319,500,0.0,1.2,164.00390625,0,0.0
1320,500,0.0,1.8,164.00390625,0,0.0
1321,500,0.0,0.6,164.00390625,0,0.0
1322,500,0.0,1.8,164.00390625,0,0.0
1323,500,0.0,1.2,164.00390625,0,0.0
1324,500,0.0,2.4,164.00390625,0,0.0
1325,500,0.0,1.8,164.00390625,0,0.0
1326,500,0.0,1.8,164.00390625,0,0.0
1327,500,0.0,1.2,164.00390625,0,0.0
1328,500,0.0,1.2,164.00390625,0,0.0
1329,500,0.0,2.4,164.00390625,0,0.0
1330,500,0.0,1.2,164.00390625,0,0.0
1331,500,0.0,1.2,164.00390625,0,0.0
1332,500,0.0,2.4,164.00390625,0,0.0
1333,500,0.0,1.8,164.00390625,0,0.0
1334,500,0.0,0.6,164.00390625,0,0.0
1335,500,0.0,1.8,164.00390625,0,0.0
1336,500,0.0,1.2,164.00390625,0,0.0
1337,500,0.0,0.6,164.00390625,0,0.0
1338,500,0.0,1.2,164.00390625,0,0.0
1339,500,0.0,1.8,164.00390625,0,0.0
1340,500,0.0,1.2,164.00390625,0,0.0
1341,500,0.0,1.2,164.00390625,0,0.0
1342,500,0.0,1.2,164.00390625,0,0.0
1343,500,0.0,1.2,164.00390625,0,0.0
1344,500,0.0,1.8,164.00390625,0,0.0
1345,500,0.0,1.2,164.00390625,0,0.0
1346,500,0.0,1.2,164.00390625,0,0.0
1347,500,0.0,1.2,164.00390625,0,0.0
1348,500,0.0,1.8,164.00390625,0,0.0
1349,500,0.0,1.2,164.00390625,0,0.0
1350,500,0.0,1.8,164.00390625,0,0.0
1351,500,0.0,0.6,164.00390625,0,0.0
1352,500,0.0,27.3,164.00390625,0,0.0
1353,500,0.0,1.9,164.00390625,0,0.0
1354,500,0.0,1.2,164.00390625,0,0.0
1355,500,0.0,1.2,164.00390625,0,0.0
1356,500,0.0,2.4,164.00390625,0,0.0
1357,500,0.0,2.4,164.00390625,0,0.0
1358,500,0.0,0.6,164.00390625,0,0.0
1359,500,0.0,1.2,164.00390625,0,0.0
1360,500,0.0,0.6,164.00390625,0,0.0
1361,500,0.0,1.8,164.00390625,0,0.0
1362,500,0.0,2.4,164.00390625,0,0.0
1363,500,0.0,1.2,164.00390625,0,0.0
1364,500,0.0,1.2,164.00390625,0,0.0
1365,500,0.0,1.2,164.00390625,0,0.0
1366,500,0.0,1.2,164.00390625,0,0.0
1367,500,0.0,1.2,164.00390625,0,0.0
1368,500,0.0,1.8,164.00390625,0,0.0
1369,500,0.0,1.8,164.00390625,0,0.0
1370,500,0.0,0.6,164.00390625,0,0.0
1371,500,0.0,1.2,164.00390625,0,0.0
1372,500,0.0,3.0,164.00390625,0,0.0
1373,500,0.0,1.2,164.00390625,0,0.0
1374,500,0.0,1.8,164.00390625,0,0.0
1375,500,0.0,1.2,164.00390625,0,0.0
1376,500,0.0,1.2,164.00390625,0,0.0
1377,500,0.0,1.2,164.00390625,0,0.0
1378,500,0.0,1.8,164.00390625,0,0.0
1379,500,0.0,1.2,164.00390625,0,0.0
1380,500,0.0,1.8,164.00390625,0,0.0
1381,500,0.0,3.0,164.00390625,0,0.0
1382,500,0.0,1.2,164.00390625,0,0.0
1383,500,0.0,1.8,164.00390625,0,0.0
1384,500,0.0,0.6,164.00390625,0,0.0
1385,500,0.0,2.4,164.00390625,0,0.0
1386,500,0.0,1.8,164.00390625,0,0.0
1387,500,0.0,1.2,164.00390625,0,0.0
1388,500,0.0,0.6,164.00390625,0,0.0
1389,500,0.0,1.2,164.00390625,0,0.0
1390,500,0.0,1.8,164.00390625,0,0.0
1391,500,0.0,1.2,164.00390625,0,0.0
1392,500,0.0,1.2,164.00390625,0,0.0
1393,500,0.0,1.8,164.00390625,0,0.0
1394,500,0.0,1.2,164.00390625,0,0.0
1395,500,0.0,1.2,164.00390625,0,0.0
1396,500,0.0,2.8,164.00390625,0,0.0
1397,500,0.0,1.7,164.00390625,0,0.0
1398,500,0.0,2.7,164.00390625,0,0.0
1399,500,0.0,2.2,164.00390625,0,0.0
1400,500,0.0,1.7,164.00390625,0,0.0
1401,500,0.0,1.8,164.00390625,0,0.0
1402,500,0.0,1.2,164.00390625,0,0.0
1403,500,0.0,1.8,164.00390625,0,0.0
1404,500,0.0,2.4,164.00390625,0,0.0
1405,500,0.0,2.4,164.00390625,0,0.0
1406,500,0.0,0.6,164.00390625,0,0.0
1407,500,0.0,1.8,164.00390625,0,0.0
1408,500,0.0,1.8,164.00390625,0,0.0
1409,500,0.0,0.6,164.00390625,0,0.0
1410,500,0.0,1.8,164.00390625,0,0.0
1411,500,0.0,1.2,164.00390625,0,0.0
1412,500,0.0,1.2,164.00390625,0,0.0
1413,500,0.0,2.3,164.00390625,0,0.0
1414,500,0.0,3.4,164.00390625,0,0.0
1415,500,0.0,2.3,164.0078125,0,0.0
1416,500,0.0,6.3,164.0078125,0,0.0
1417,500,0.0,8.0,164.0078125,0,0.0
1418,500,0.0,2.8,164.12109375,0,0.0
1419,500,0.0,6.2,164.12109375,0,0.0
1420,500,0.0,4.9,164.12109375,0,0.0
1421,500,0.0,3.1,164.12109375,0,0.0
1422,500,0.0,2.4,164.12109375,0,0.0
1423,500,0.0,6.7,164.12109375,0,0.0
1424,500,0.0,5.0,164.12109375,0,0.0
1425,500,0.0,2.5,164.12109375,0,0.0
1426,500,0.0,4.2,164.12109375,0,0.0
1427,500,0.0,1.2,164.12109375,0,0.0
1428,500,0.0,1.8,164.12109375,0,0.0
1429,500,0.0,1.2,164.12109375,0,0.0
1430,500,0.0,1.2,164.12109375,0,0.0
1431,500,0.0,1.2,164.12109375,0,0.0
1432,500,0.0,1.8,164.12109375,0,0.0
1433,500,0.0,2.4,164.12109375,0,0.0
1434,500,0.0,1.2,164.12109375,0,0.0
1435,500,0.0,1.8,164.12109375,0,0.0
1436,500,0.0,1.2,164.12109375,0,0.0
1437,500,0.0,1.2,164.12109375,0,0.0
1438,500,0.0,2.4,164.12109375,0,0.0
1439,500,0.0,1.8,164.12109375,0,0.0
1440,500,0.0,1.8,164.12109375,0,0.0
1441,500,0.0,1.2,164.12109375,0,0.0
1442,500,0.0,1.2,164.12109375,0,0.0
1443,500,0.0,2.4,164.12109375,0,0.0
1444,500,0.0,1.2,164.12109375,0,0.0
1445,500,0.0,1.2,164.12109375,0,0.0
1446,500,0.0,1.2,164.12109375,0,0.0
1447,500,0.0,1.8,164.12109375,0,0.0
1448,500,0.0,1.8,164.12109375,0,0.0
1449,500,0.0,1.2,164.12109375,0,0.0
1450,500,0.0,1.8,164.12109375,0,0.0
1451,500,0.0,2.4,164.12109375,0,0.0
1452,500,0.0,1.8,164.12109375,0,0.0
1453,500,0.0,1.2,164.12109375,0,0.0
1454,500,0.0,1.2,164.12109375,0,0.0
1455,500,0.0,0.6,164.12109375,0,0.0
1456,500,0.0,1.8,164.12109375,0,0.0
1457,500,0.0,2.4,164.12109375,0,0.0
1458,500,0.0,2.4,164.12109375,0,0.0
1459,500,0.0,3.6,164.12109375,0,0.0
1460,500,0.0,1.8,164.12109375,0,0.0
1461,500,0.0,1.2,164.12109375,0,0.0
1462,500,0.0,3.0,164.12109375,0,0.0
1463,500,0.0,1.2,164.12109375,0,0.0
1464,500,0.0,2.4,164.12109375,0,0.0
1465,500,0.0,0.6,164.12109375,0,0.0
1466,500,0.0,1.2,164.12109375,0,0.0
1467,500,0.0,3.0,164.12109375,0,0.0
1468,500,0.0,1.8,164.12109375,0,0.0
1469,500,0.0,1.8,164.12109375,0,0.0
1470,500,0.0,1.2,164.12109375,0,0.0
1471,500,0.0,1.8,164.12109375,0,0.0
1472,500,0.0,3.0,164.12109375,0,0.0
1473,500,0.0,0.6,164.12109375,0,0.0
1474,500,0.0,1.8,164.12109375,0,0.0
1475,500,0.0,1.2,164.12109375,0,0.0
1476,500,0.0,2.4,164.12109375,0,0.0
1477,500,0.0,3.0,164.12109375,0,0.0
1478,500,0.0,2.4,164.12109375,0,0.0
1479,500,0.0,1.2,164.12109375,0,0.0
1480,500,0.0,0.6,164.12109375,0,0.0
1481,500,0.0,1.8,164.12109375,0,0.0
1482,500,0.0,1.2,164.12109375,0,0.0
1483,500,0.0,1.2,164.12109375,0,0.0
1484,500,0.0,1.2,164.12109375,0,0.0
1485,500,0.0,0.6,164.12109375,0,0.0
1486,500,0.0,2.4,164.12109375,0,0.0
1487,500,0.0,0.6,164.12109375,0,0.0
1488,500,0.0,1.8,164.12109375,0,0.0
1489,500,0.0,0.6,164.12109375,0,0.0
1490,500,0.0,1.2,164.12109375,0,0.0
1491,500,0.0,1.8,164.12109375,0,0.0
1492,500,0.0,1.8,164.12109375,0,0.0
1493,500,0.0,1.8,164.12109375,0,0.0
1494,500,0.0,10.2,164.12109375,0,0.0
1495,500,0.0,1.8,164.12109375,0,0.0
1496,500,0.0,1.2,164.12109375,0,0.0
1497,500,0.0,1.2,164.12109375,0,0.0
1498,500,0.0,1.2,164.12109375,0,0.0
1499,500,0.0,2.4,164.12109375,0,0.0
1500,500,0.0,1.8,164.12109375,0,0.0
1501,500,0.0,2.4,164.12109375,0,0.0
1502,500,0.0,1.2,164.12109375,0,0.0
1503,500,0.0,1.8,164.12109375,0,0.0
1504,500,0.0,1.2,164.12109375,0,0.0
1505,500,0.0,1.8,164.12109375,0,0.0
1506,500,0.0,1.2,164.12109375,0,0.0
1507,500,0.0,1.2,164.12109375,0,0.0
1508,500,0.0,1.2,164.12109375,0,0.0
1509,500,0.0,0.6,164.12109375,0,0.0
1510,500,0.0,2.4,164.12109375,0,0.0
1511,500,0.0,1.8,164.12109375,0,0.0
1512,500,0.0,0.6,164.12109375,0,0.0
1513,500,0.0,1.8,164.12109375,0,0.0
1514,500,0.0,0.6,164.12109375,0,0.0
1515,500,0.0,3.6,164.12109375,0,0.0
1516,500,0.0,1.2,164.12109375,0,0.0
1517,500,0.0,1.2,164.12109375,0,0.0
1518,500,0.0,1.2,164.12109375,0,0.0
1519,500,0.0,1.2,164.12109375,0,0.0
1520,500,0.0,2.4,164.12109375,0,0.0
1521,500,0.0,1.2,164.12109375,0,0.0
1522,500,0.0,1.2,164.12109375,0,0.0
1523,500,0.0,2.4,164.12109375,0,0.0
1524,500,0.0,1.2,164.12109375,0,0.0
1525,500,0.0,2.4,164.12109375,0,0.0
1526,500,0.0,1.2,164.12109375,0,0.0
1527,500,0.0,1.2,164.12109375,0,0.0
1528,500,0.0,1.2,164.12109375,0,0.0
1529,500,0.0,1.8,164.12109375,0,0.0
1530,500,0.0,1.2,164.12109375,0,0.0
1531,500,0.0,1.2,164.12109375,0,0.0
1532,500,0.0,1.2,164.12109375,0,0.0
1533,500,0.0,0.6,164.12109375,0,0.0
1534,500,0.0,2.4,164.12109375,0,0.0
1535,500,0.0,1.8,164.12109375,0,0.0
1536,500,0.0,1.2,164.12109375,0,0.0
1537,500,0.0,0.6,164.12109375,0,0.0
1538,500,0.0,2.4,164.12109375,0,0.0
1539,500,0.0,2.4,164.12109375,0,0.0
1540,500,0.0,1.2,164.12109375,0,0.0
1541,500,0.0,1.8,164.12109375,0,0.0
1542,500,0.0,0.6,164.12109375,0,0.0
1543,500,0.0,2.4,164.12109375,0,0.0
1544,500,0.0,1.8,164.12109375,0,0.0
1545,500,0.0,1.8,164.12109375,0,0.0
1546,500,0.0,1.8,164.12109375,0,0.0
1547,500,0.0,1.8,164.12109375,0,0.0
1548,500,0.0,3.0,164.12109375,0,0.0
1549,500,0.0,2.4,164.12109375,0,0.0
1550,500,0.0,1.2,164.12109375,0,0.0
1551,500,0.0,1.8,164.12109375,0,0.0
1552,500,0.0,1.2,164.12109375,0,0.0
1553,500,0.0,1.8,164.12109375,0,0.0
1554,500,0.0,0.6,164.12109375,0,0.0
1555,500,0.0,1.8,164.12109375,0,0.0
1556,500,0.0,1.2,164.12109375,0,0.0
1557,500,0.0,1.2,164.12109375,0,0.0
1558,500,0.0,1.8,164.12109375,0,0.0
1559,500,0.0,1.8,164.12109375,0,0.0
1560,500,0.0,1.2,164.12109375,0,0.0
1561,500,0.0,1.2,164.12109375,0,0.0
1562,500,0.0,1.8,164.12109375,0,0.0
1563,500,0.0,3.0,164.12109375,0,0.0
1564,500,0.0,1.2,164.12109375,0,0.0
1565,500,0.0,1.2,164.12109375,0,0.0
1566,500,0.0,1.2,164.12109375,0,0.0
1567,500,0.0,1.2,164.12109375,0,0.0
1568,500,0.0,1.8,164.12109375,0,0.0
1569,500,0.0,1.8,164.12109375,0,0.0
1570,500,0.0,1.8,164.12109375,0,0.0
1571,500,0.0,9.1,164.12109375,0,0.0
1572,500,0.0,10.1,164.12109375,0,0.0
1573,500,0.0,5.5,164.12109375,0,0.0
1574,500,0.0,6.1,164.12109375,0,0.0
1575,500,0.0,6.1,164.12109375,0,0.0
1576,500,0.0,9.8,164.12109375,0,0.0
1577,500,0.0,4.8,164.12109375,0,0.0
1578,500,0.0,4.3,164.12109375,0,0.0
1579,500,0.0,7.4,164.12109375,0,0.0
1580,500,0.0,7.9,164.12109375,0,0.0
1581,500,0.0,6.1,164.12109375,0,0.0
1582,500,0.0,5.5,164.12109375,0,0.0
1583,500,0.0,5.5,164.12109375,0,0.0
1584,500,0.0,8.5,164.12109375,0,0.0
1585,500,0.0,6.6,164.12109375,0,0.0
1586,500,0.0,6.1,164.12109375,0,0.0
1587,500,0.0,24.8,164.12109375,0,0.0
1588,500,0.0,7.9,164.12109375,0,0.0
1589,500,0.0,7.4,164.12109375,0,0.0
1590,500,0.0,8.4,164.12109375,0,0.0
1591,500,0.0,2.4,164.12109375,0,0.0
1592,500,0.0,2.4,164.12109375,0,0.0
1593,500,0.0,7.2,164.12109375,0,0.0
1594,500,0.0,2.4,164.12109375,0,0.0
1595,500,0.0,6.0,164.12109375,0,0.0
1596,500,0.0,6.0,164.12109375,0,0.0
1597,500,0.0,7.3,164.12109375,0,0.0
1598,500,0.0,5.9,164.12109375,0,0.0
1599,500,0.0,6.6,164.12109375,0,0.0
1600,500,0.0,5.3,164.12109375,0,0.0
1601,500,0.0,6.0,164.12109375,0,0.0
1602,500,0.0,7.7,164.12109375,0,0.0
1603,500,0.0,2.4,164.12109375,0,0.0
1604,500,0.0,3.0,164.12109375,0,0.0
1605,500,0.0,3.5,164.12109375,0,0.0
1606,500,0.0,6.0,164.12109375,0,0.0
1607,500,0.0,9.5,164.12109375,0,0.0
1608,500,0.0,6.0,164.12109375,0,0.0
1609,500,0.0,2.4,164.12109375,0,0.0
1610,500,0.0,7.8,164.12109375,0,0.0
1611,500,0.0,10.2,164.12109375,0,0.0
1612,500,0.0,7.0,164.12109375,0,0.0
1613,500,0.0,6.4,164.12109375,0,0.0
1614,500,0.0,8.9,164.12109375,0,0.0
1615,500,0.0,5.6,164.12109375,0,0.0
1616,500,0.0,9.6,164.12109375,0,0.0
1617,500,0.0,9.6,164.12109375,0,0.0
1618,500,0.0,5.5,164.12109375,0,0.0
1619,500,0.0,3.6,164.12109375,0,0.0
1620,500,0.0,3.0,164.12109375,0,0.0
1621,500,0.0,3.6,164.12109375,0,0.0
1622,500,0.0,2.4,164.12109375,0,0.0
1623,500,0.0,3.0,164.12109375,0,0.0
1624,500,0.0,3.0,164.12109375,0,0.0
1625,500,0.0,2.4,164.12109375,0,0.0
1626,500,0.0,3.0,164.12109375,0,0.0
1627,500,0.0,2.4,164.12109375,0,0.0
1628,500,0.0,1.8,164.12109375,0,0.0
1629,500,0.0,4.8,164.12109375,0,0.0
1630,500,0.0,3.0,164.12109375,0,0.0
1631,500,0.0,1.8,164.12109375,0,0.0
1632,500,0.0,3.0,164.12109375,0,0.0
1633,500,0.0,2.4,164.12109375,0,0.0
1634,500,0.0,2.4,164.12109375,0,0.0
1635,500,0.0,4.2,164.12109375,0,0.0
1636,500,0.0,3.0,164.12109375,0,0.0
1637,500,0.0,2.4,164.12109375,0,0.0
1638,500,0.0,3.6,164.12109375,0,0.0
1639,500,0.0,2.4,164.12109375,0,0.0
1640,500,0.0,3.0,164.12109375,0,0.0
1641,500,0.0,3.0,164.12109375,0,0.0
1642,500,0.0,3.0,164.12109375,0,0.0
1643,500,0.0,3.0,164.12109375,0,0.0
1644,500,0.0,3.7,164.12109375,0,0.0
1645,500,0.0,2.4,164.12109375,0,0.0
1646,500,0.0,3.0,164.12109375,0,0.0
1647,500,0.0,4.2,164.12109375,0,0.0
1648,500,0.0,1.2,164.12109375,0,0.0
1649,500,0.0,4.2,164.12109375,0,0.0
1650,500,0.0,3.0,164.12109375,0,0.0
1651,500,0.0,2.4,164.12109375,0,0.0
1652,500,0.0,3.1,164.12109375,0,0.0
1653,500,0.0,2.4,164.12109375,0,0.0
1654,500,0.0,3.6,164.12109375,0,0.0
1655,500,0.0,4.2,164.12109375,0,0.0
1656,500,0.0,1.8,164.12109375,0,0.0
1657,500,0.0,2.4,164.12109375,0,0.0
1658,500,0.0,4.8,164.12109375,0,0.0
1659,500,0.0,4.1,164.12109375,0,0.0
1660,500,0.0,3.0,164.12109375,0,0.0
1661,500,0.0,8.3,164.12109375,0,0.0
1662,500,0.0,6.6,164.12109375,0,0.0
1663,500,0.0,7.8,164.12109375,0,0.0
1664,500,0.0,5.9,164.12109375,0,0.0
1665,500,0.0,5.4,164.12109375,0,0.0
1666,500,0.0,6.1,164.12109375,0,0.0
1667,500,0.0,3.6,164.12109375,0,0.0
1668,500,0.0,3.0,164.12109375,0,0.0
1669,500,0.0,29.7,164.12109375,0,0.0
1670,500,0.0,8.6,164.12109375,0,0.0
1671,500,0.0,3.6,164.12109375,0,0.0
1672,500,0.0,3.0,164.12109375,0,0.0
1673,500,0.0,4.8,164.12109375,0,0.0
1674,500,0.0,4.9,164.12109375,0,0.0
1675,500,0.0,3.0,164.12109375,0,0.0
1676,500,0.0,2.4,164.12109375,0,0.0
1677,500,0.0,6.0,164.12109375,0,0.0
1678,500,0.0,6.1,164.12109375,0,0.0
1679,500,0.0,3.6,164.12109375,0,0.0
1680,500,0.0,2.4,164.12109375,0,0.0
1681,500,0.0,7.3,164.12109375,0,0.0
1682,500,0.0,7.8,164.12109375,0,0.0
1683,500,0.0,14.5,164.12109375,0,0.0
1684,500,0.0,13.3,164.12109375,0,0.0
1685,500,0.0,40.4,164.12109375,0,0.0
1686,500,0.0,43.9,164.12109375,0,0.0
1687,500,0.0,26.5,164.12109375,0,0.0
1688,500,0.0,22.1,164.12109375,0,0.0
1689,500,0.0,21.5,164.12109375,0,0.0
1690,500,0.0,19.6,164.12109375,0,0.0
1691,500,0.0,23.9,164.12109375,0,0.0
1692,500,0.0,29.1,164.12109375,0,0.0
1693,500,0.0,17.5,164.12109375,0,0.0
1694,500,0.0,20.1,164.12109375,0,0.0
1695,500,0.0,15.2,164.12109375,0,0.0
1696,500,0.0,9.6,164.12109375,0,0.0
1697,500,0.0,14.7,164.12109375,0,0.0
1698,500,0.0,11.5,164.12109375,0,0.0
1699,500,0.0,12.0,164.12109375,0,0.0
1700,500,0.0,12.2,164.12109375,0,0.0
1701,500,0.0,14.2,164.12109375,0,0.0
1702,500,0.0,11.4,164.12109375,0,0.0
1703,500,0.0,7.9,164.12109375,0,0.0
1704,500,0.0,20.0,164.12109375,0,0.0
1705,500,0.0,8.4,164.12109375,0,0.0
1706,500,0.0,7.9,164.12109375,0,0.0
1707,500,0.0,5.4,164.12109375,0,0.0
1708,500,0.0,14.0,164.12109375,0,0.0
1709,500,0.0,15.4,164.12109375,0,0.0
1710,500,0.0,4.1,164.12109375,0,0.0
1711,500,0.0,5.5,164.12109375,0,0.0
1712,500,0.0,3.0,164.12109375,0,0.0
1713,500,0.0,6.5,164.12109375,0,0.0
1714,500,0.0,2.4,164.12109375,0,0.0
1715,500,0.0,3.0,164.12109375,0,0.0
1716,500,0.0,4.3,164.12109375,0,0.0
1717,500,0.0,2.9,164.12109375,0,0.0
1718,500,0.0,4.0,164.12109375,0,0.0
1719,500,0.0,2.8,164.12109375,0,0.0
1720,500,0.0,2.4,164.12109375,0,0.0
1721,500,0.0,5.1,164.12109375,0,0.0
1722,500,0.0,1.8,164.12109375,0,0.0
1723,500,0.0,2.4,164.12109375,0,0.0
1724,500,0.0,6.7,164.12109375,0,0.0
1725,500,0.0,34.0,164.12109375,0,0.0
1726,500,0.0,4.3,164.12109375,0,0.0
1727,500,0.0,9.2,164.12109375,0,0.0
1728,500,0.0,3.0,164.12109375,0,0.0
1729,500,0.0,3.7,164.12109375,0,0.0
1730,500,0.0,4.3,164.12109375,0,0.0
1731,500,0.0,1.2,164.12109375,0,0.0
1732,500,0.0,14.0,164.12109375,0,0.0
1733,500,0.0,11.1,164.12109375,0,0.0
1734,500,0.0,1.8,164.12109375,0,0.0
1735,500,0.0,10.1,164.12109375,0,0.0
1736,500,0.0,5.5,164.12109375,0,0.0
1737,500,0.0,6.0,164.12109375,0,0.0
1738,500,0.0,3.0,164.12109375,0,0.0
1739,500,0.0,6.4,164.12109375,0,0.0
1740,500,0.0,12.5,164.12109375,0,0.0
1741,500,0.0,4.2,164.12109375,0,0.0
1742,500,0.0,16.0,164.12109375,0,0.0
1743,500,0.0,7.7,164.12109375,0,0.0
1744,500,0.0,12.8,164.12109375,0,0.0
1745,500,0.0,4.8,164.12109375,0,0.0
1746,500,0.0,3.0,164.12109375,0,0.0
1747,500,0.0,12.1,164.12109375,0,0.0
1748,500,0.0,15.1,164.12109375,0,0.0
1749,500,0.0,7.8,164.12109375,0,0.0
1750,500,0.0,3.5,164.12109375,0,0.0
1751,500,0.0,5.5,164.12109375,0,0.0
1752,500,0.0,3.6,164.12109375,0,0.0
1753,500,0.0,5.4,164.12109375,0,0.0
1754,500,0.0,9.4,164.12109375,0,0.0
1755,500,0.0,11.4,164.12109375,0,0.0
1756,500,0.0,12.3,164.12109375,0,0.0
1757,500,0.0,9.5,164.12109375,0,0.0
1758,500,0.0,12.4,164.12109375,0,0.0
1759,500,0.0,16.6,164.12109375,0,0.0
1760,500,0.0,5.5,164.12109375,0,0.0
1761,500,0.0,4.9,164.12109375,0,0.0
1762,500,0.0,55.4,164.12109375,0,0.0
1763,500,0.0,47.6,164.12109375,0,0.0
1764,500,0.0,38.8,164.12109375,0,0.0
1765,500,0.0,43.5,164.12109375,0,0.0
1766,500,0.0,40.0,164.12109375,0,0.0
1767,500,0.0,54.0,164.12109375,0,0.0
1768,500,0.0,46.0,164.12109375,0,0.0
1769,500,0.0,41.2,164.12109375,0,0.0
1770,500,0.0,34.1,164.12109375,0,0.0
1771,500,0.0,39.0,164.12109375,0,0.0
1772,500,0.0,30.2,164.12109375,0,0.0
1773,500,0.0,31.9,164.12109375,0,0.0
1774,500,0.0,33.5,164.12109375,0,0.0
1775,500,0.0,41.2,164.12109375,0,0.0
1776,500,0.0,30.4,164.12109375,0,0.0
1777,500,0.0,46.6,164.12109375,0,0.0
1778,500,0.0,46.3,164.12109375,0,0.0
1779,500,0.0,32.7,164.12109375,0,0.0
1780,500,0.0,61.2,164.12109375,0,0.0
1781,500,0.0,38.9,164.12109375,0,0.0
1782,500,0.0,30.0,164.12109375,0,0.0
1783,500,0.0,35.8,164.12109375,0,0.0
1784,500,0.0,32.5,164.12109375,0,0.0
1785,500,0.0,37.7,164.12109375,0,0.0
1786,500,0.0,49.7,164.12109375,0,0.0
1787,500,0.0,37.8,164.12109375,0,0.0
1788,500,0.0,30.9,164.12109375,0,0.0
1789,500,0.0,37.0,164.12109375,0,0.0
1790,500,0.0,47.6,164.12109375,0,0.0
1791,500,0.0,46.1,164.12109375,0,0.0
1792,500,0.0,45.4,164.12109375,0,0.0
1793,500,0.0,42.7,164.12109375,0,0.0
1794,500,0.0,48.8,164.12109375,0,0.0
1795,500,0.0,38.0,164.12109375,0,0.0
1796,500,0.0,60.5,164.12109375,0,0.0
1797,500,0.0,50.0,164.12109375,0,0.0
1798,500,0.0,46.9,164.12109375,0,0.0
1799,500,0.0,37.6,164.12109375,0,0.0
1800,500,0.0,44.2,164.12109375,0,0.0
1801,500,0.0,42.3,164.12109375,0,0.0
1802,500,0.0,37.4,164.12109375,0,0.0
1803,500,0.0,48.2,164.12109375,0,0.0
1804,500,0.0,40.9,164.12109375,0,0.0
1805,500,0.0,42.2,164.12109375,0,0.0
1806,500,0.0,43.6,164.12109375,0,0.0
1807,500,0.0,52.0,164.12109375,0,0.0
1808,500,0.0,45.4,164.12109375,0,0.0
1809,500,0.0,35.5,164.12109375,0,0.0
1810,500,0.0,41.5,164.12109375,0,0.0
1811,500,0.0,43.9,164.12109375,0,0.0
1812,500,0.0,33.3,164.12109375,0,0.0
1813,500,0.0,44.6,164.12109375,0,0.0
1814,500,0.0,43.9,164.12109375,0,0.0
1815,500,0.0,60.9,164.12109375,0,0.0
1816,500,0.0,41.0,164.12109375,0,0.0
1817,500,0.0,51.8,164.12109375,0,0.0
1818,500,0.0,43.8,164.12109375,0,0.0
1819,500,0.0,38.5,164.12109375,0,0.0
1820,500,0.0,43.7,164.12109375,0,0.0
1821,500,0.0,40.0,164.12109375,0,0.0
1822,500,0.0,41.4,164.12109375,0,0.0
1823,500,0.0,43.1,164.12109375,0,0.0
1824,500,0.0,47.3,164.12109375,0,0.0
1825,500,0.0,38.2,164.12109375,0,0.0
1826,500,0.0,43.3,164.12109375,0,0.0
1827,500,0.0,38.0,164.12109375,0,0.0
1828,500,0.0,38.1,164.12109375,0,0.0
1829,500,0.0,40.2,164.12109375,0,0.0
1830,500,0.0,31.3,164.12109375,0,0.0
1831,500,0.0,39.1,164.12109375,0,0.0
1832,500,0.0,36.4,164.12109375,0,0.0
1833,500,0.2578558460008935,72.8,164.125,0,891.9712450467499
1834,500,0.0,48.8,164.125,0,0.0
1835,500,0.0,41.1,164.125,0,0.0
1836,500,0.0,43.1,164.125,0,0.0
1837,500,0.0,41.7,164.125,0,0.0
1838,500,0.0,39.1,164.125,0,0.0
1839,500,0.0,43.2,164.125,0,0.0
1840,500,0.0,39.1,164.125,0,0.0
1841,500,0.0,40.6,164.125,0,0.0
1842,500,0.0,42.1,164.125,0,0.0
1843,500,0.0,42.7,164.125,0,0.0
1844,500,0.0,46.7,164.125,0,0.0
1845,500,0.0,40.1,164.125,0,0.0
1846,500,0.0,42.8,164.125,0,0.0
1847,500,0.0,43.2,164.125,0,0.0
1848,500,0.0,46.0,164.125,0,0.0
1849,500,0.0,41.7,164.125,0,0.0
1850,500,0.0,42.2,164.125,0,0.0
1851,500,0.0,41.8,164.125,0,0.0
1852,500,0.0,38.7,164.125,0,0.0
1853,500,0.0,44.2,164.125,0,0.0
1854,500,0.0,42.8,164.125,0,0.0
1855,500,0.0,41.7,164.125,0,0.0
1856,500,0.0,39.5,164.125,0,0.0
1857,500,0.0,45.3,164.125,0,0.0
1858,500,0.0,44.2,164.125,0,0.0
1859,500,0.0,42.5,164.125,0,0.0
1860,500,0.0,43.9,164.125,0,0.0
1861,500,0.0,43.9,164.125,0,0.0
1862,500,0.017299166996963322,44.4,164.125,0,13295.43786937105
1863,500,0.0,43.9,164.125,0,0.0
1864,500,0.0,39.8,164.125,0,0.0
1865,500,0.0,47.6,164.125,0,0.0
1866,500,0.0,47.5,164.125,0,0.0
1867,500,0.0,49.1,164.125,0,0.0
1868,500,0.0,44.4,164.125,0,0.0
1869,500,0.0,45.8,164.125,0,0.0
1870,500,0.0,49.7,164.125,0,0.0
1871,500,0.0,46.5,164.125,0,0.0
1872,500,0.0,42.3,164.125,0,0.0
1873,500,0.0,45.6,164.125,0,0.0
1874,500,0.0,43.2,164.125,0,0.0
1875,500,0.0,49.7,164.125,0,0.0
1876,500,0.0,43.0,164.125,0,0.0
1877,500,0.0,45.2,164.125,0,0.0
1878,500,0.0,52.1,164.125,0,0.0
1879,500,0.0,41.1,164.125,0,0.0
1880,500,0.0,41.8,164.125,0,0.0
1881,463,0.0,58.8,164.125,0,0.0
1882,422,0.0,43.0,164.125,0,0.0
1883,387,0.0,47.9,164.125,0,0.0
1884,339,0.0,49.4,164.125,0,0.0
1885,284,0.0,47.0,164.125,0,0.0
1886,230,0.0,42.8,164.125,0,0.0
1887,230,0.0,47.6,164.125,0,0.0
1888,230,0.0,52.7,164.125,0,0.0
1889,230,0.0,38.7,164.125,0,0.0
1890,230,0.0,44.3,164.125,0,0.0
1891,230,0.0,51.8,164.125,0,0.0
1892,230,0.0,43.6,164.125,0,0.0
1893,230,0.0,48.1,164.125,0,0.0
1894,230,0.0,53.0,164.125,0,0.0
1895,230,0.0,41.1,164.125,0,0.0
1896,230,0.0,50.3,164.125,0,0.0
1897,230,0.0,39.9,164.125,0,0.0
1898,230,0.0,39.4,164.125,0,0.0
1899,230,0.0,41.5,164.125,0,0.0
1900,230,0.0,41.0,164.125,0,0.0
1901,230,0.0,39.6,164.125,0,0.0
1902,230,0.0,39.5,164.125,0,0.0
1903,230,0.0,38.4,164.125,0,0.0
1904,230,0.0,41.5,164.125,0,0.0
1905,230,0.0,35.9,164.125,0,0.0
1906,230,0.0,38.9,164.125,0,0.0
1907,230,0.0,39.5,164.125,0,0.0
1908,230,0.0,39.1,164.125,0,0.0
1909,230,0.0,35.4,164.125,0,0.0
1910,230,0.0,39.3,164.125,0,0.0
1911,230,0.0,49.1,164.125,0,0.0
1912,230,0.0,39.2,164.125,0,0.0
1913,230,0.0,38.7,164.125,0,0.0
1914,230,0.0,40.5,164.125,0,0.0
1915,230,0.0,38.3,164.125,0,0.0
1916,230,0.0,38.0,164.125,0,0.0
1917,230,0.0,39.4,164.125,0,0.0
1918,230,0.0,39.6,164.125,0,0.0
1919,230,0.0,46.3,164.125,0,0.0
1920,230,0.0,37.9,164.125,0,0.0
1921,230,0.0,43.6,164.125,0,0.0
1922,230,0.0,44.4,164.125,0,0.0
1923,230,0.0,33.3,164.125,0,0.0
1924,230,0.0,48.2,164.125,0,0.0
1925,230,0.0,34.8,164.125,0,0.0
1926,230,0.0,47.8,164.125,0,0.0
1927,230,0.0,35.2,164.125,0,0.0
1928,230,0.0,45.7,164.125,0,0.0
1929,230,0.0,45.0,164.125,0,0.0
1930,230,0.0,50.0,164.125,0,0.0
1931,230,0.0,41.0,164.125,0,0.0
1932,230,0.0,44.1,164.125,0,0.0
1933,230,0.0,50.0,164.125,0,0.0
1934,230,0.0,48.8,164.125,0,0.0
1935,230,0.0,54.0,164.125,0,0.0
1936,230,0.0,42.0,164.125,0,0.0
1937,230,0.0,43.5,164.125,0,0.0
1938,230,0.0,45.0,164.125,0,0.0
1939,230,0.0,51.8,164.125,0,0.0
1940,230,0.0,45.5,164.125,0,0.0
1941,230,0.0,45.6,164.125,0,0.0
1942,230,0.0,48.8,164.125,0,0.0
1943,230,0.0,47.0,164.125,0,0.0
1944,230,0.0,72.7,164.125,0,0.0
1945,230,0.0,52.9,164.125,0,0.0
1946,230,0.0,49.4,164.125,0,0.0
1947,230,0.0,44.0,164.125,0,0.0
1948,230,0.0,47.0,164.125,0,0.0
1949,230,0.0,43.9,164.125,0,0.0
1950,230,0.0,43.1,164.125,0,0.0
1951,230,0.0,49.1,164.125,0,0.0
1952,230,0.0,46.9,164.125,0,0.0
1953,230,0.0,43.6,164.125,0,0.0
1954,230,0.0,49.0,164.125,0,0.0
1955,230,0.0,45.2,164.125,0,0.0
1956,230,0.0,42.0,164.125,0,0.0
1957,230,0.0,51.8,164.125,0,0.0
1958,230,0.0,47.9,164.125,0,0.0
1959,230,0.0,47.3,164.125,0,0.0
1960,230,0.0,42.0,164.125,0,0.0
1961,230,0.0,41.8,164.125,0,0.0
1962,230,0.0,38.9,164.125,0,0.0
1963,230,0.0,41.1,164.125,0,0.0
1964,230,0.0,44.8,164.125,0,0.0
1965,230,0.0,45.7,164.125,0,0.0
1966,230,0.0,45.4,164.125,0,0.0
1967,230,0.0,48.1,164.125,0,0.0
1968,230,0.0,39.6,164.125,0,0.0
1969,230,0.0,42.5,164.125,0,0.0
1970,230,0.0,40.6,164.125,0,0.0
1971,230,0.0,40.1,164.125,0,0.0
1972,230,0.0,37.7,164.125,0,0.0
1973,230,0.0,44.8,164.125,0,0.0
1974,230,0.0,37.3,164.125,0,0.0
1975,230,0.0,40.5,164.125,0,0.0
1976,230,0.0,32.9,164.125,0,0.0
1977,230,0.0,45.6,164.125,0,0.0
1978,230,0.0,38.9,164.125,0,0.0
1979,230,0.0,45.8,164.125,0,0.0
1980,230,0.0,36.2,164.125,0,0.0
1981,230,0.0,42.9,164.125,0,0.0
1982,230,0.0,38.8,164.125,0,0.0
1983,230,0.0,45.2,164.125,0,0.0
1984,230,0.0,41.1,164.125,0,0.0
1985,230,0.0,43.8,164.125,0,0.0
1986,230,0.0,30.1,164.125,0,0.0
1987,230,0.0,48.8,164.125,0,0.0
1988,230,0.0,31.7,164.125,0,0.0
1989,230,0.0,46.3,164.125,0,0.0
1990,230,0.0,32.1,164.125,0,0.0
1991,230,0.0,53.4,164.125,0,0.0
1992,230,0.0,39.1,164.125,0,0.0
1993,230,0.0,44.2,164.125,0,0.0
1994,230,0.0,39.5,164.125,0,0.0
1995,230,0.0,39.3,164.125,0,0.0
1996,230,0.0,38.5,164.125,0,0.0
1997,230,0.0,38.0,164.125,0,0.0
1998,230,0.0,38.5,164.125,0,0.0
1999,230,0.0,36.4,164.125,0,0.0
2000,230,0.0,41.0,164.125,0,0.0
2001,230,0.0,28.5,164.125,0,0.0
2002,230,0.0,35.2,164.125,0,0.0
2003,230,0.0,39.6,164.125,0,0.0
2004,230,0.0,38.3,164.125,0,0.0
2005,230,0.0,48.8,164.125,0,0.0
2006,230,0.0,38.8,164.125,0,0.0
2007,230,0.0,42.1,164.125,0,0.0
2008,230,0.0,46.3,164.125,0,0.0
2009,230,0.0,41.0,164.125,0,0.0
2010,230,0.0,41.5,164.125,0,0.0
2011,230,0.0,30.7,164.125,0,0.0
2012,230,0.0,35.1,164.125,0,0.0
2013,230,0.0,39.0,164.125,0,0.0
2014,230,0.0,36.2,164.125,0,0.0
2015,230,0.0,40.2,164.125,0,0.0
2016,230,0.0,43.1,164.125,0,0.0
2017,230,0.0,39.8,164.125,0,0.0
2018,230,0.0,37.2,164.125,0,0.0
2019,230,0.0,48.4,164.125,0,0.0
2020,230,0.0,33.1,164.125,0,0.0
2021,230,0.0,41.4,164.125,0,0.0
2022,230,0.0,36.5,164.125,0,0.0
2023,230,0.0,41.8,164.125,0,0.0
2024,230,0.0,43.9,164.125,0,0.0
2025,230,0.0,38.9,164.125,0,0.0
2026,230,0.0,35.4,164.125,0,0.0
2027,230,0.0,39.8,164.125,0,0.0
2028,230,0.0,50.6,164.125,0,0.0
2029,230,0.0,44.2,164.125,0,0.0
2030,230,0.0,44.4,164.125,0,0.0
2031,230,0.0,41.5,164.125,0,0.0
2032,230,0.0,44.7,164.125,0,0.0
2033,230,0.0,36.1,164.125,0,0.0
2034,230,0.0,45.5,164.125,0,0.0
2035,230,0.0,38.0,164.125,0,0.0
2036,230,0.0,33.5,164.125,0,0.0
2037,230,0.0,37.4,164.125,0,0.0
2038,230,0.0,36.0,164.125,0,0.0
2039,230,0.0,42.8,164.125,0,0.0
2040,230,0.0,33.3,164.125,0,0.0
2041,230,0.0,32.1,164.125,0,0.0
2042,230,0.0,40.6,164.125,0,0.0
2043,230,0.0,35.8,164.125,0,0.0
2044,230,0.0,31.5,164.125,0,0.0
2045,230,0.0,35.4,164.125,0,0.0
2046,230,0.0,39.9,164.125,0,0.0
2047,230,0.0,42.1,164.125,0,0.0
2048,230,0.0,30.2,164.125,0,0.0
2049,230,0.0,43.3,164.125,0,0.0
2050,230,0.0,33.1,164.125,0,0.0
2051,230,0.0,35.4,164.125,0,0.0
2052,230,0.0,39.5,164.125,0,0.0
2053,230,0.0,31.1,164.125,0,0.0
2054,230,0.0,36.0,164.125,0,0.0
2055,230,0.0,38.9,164.125,0,0.0
2056,230,0.0,37.4,164.125,0,0.0
2057,230,0.0,32.1,164.125,0,0.0
2058,230,0.0,32.1,164.125,0,0.0
2059,230,0.0,39.5,164.125,0,0.0
2060,230,0.0,39.8,164.125,0,0.0
2061,230,0.0,31.5,164.125,0,0.0
2062,230,0.0,32.1,164.125,0,0.0
2063,230,0.0,39.6,164.125,0,0.0
2064,230,0.0,36.8,164.125,0,0.0
2065,230,0.0,33.5,164.125,0,0.0
2066,230,0.0,28.3,164.125,0,0.0
2067,230,0.0,32.3,164.125,0,0.0
2068,230,0.0,39.0,164.125,0,0.0
2069,230,0.0,38.4,164.125,0,0.0
2070,230,0.0,41.7,164.125,0,0.0
2071,230,0.0,31.6,164.125,0,0.0
2072,230,0.0,44.0,164.125,0,0.0
2073,230,0.0,42.9,164.125,0,0.0
2074,230,0.0,42.1,164.125,0,0.0
2075,230,0.0,35.8,164.125,0,0.0
2076,230,0.0,34.8,164.125,0,0.0
2077,230,0.0,40.0,164.125,0,0.0
2078,230,0.0,42.0,164.125,0,0.0
2079,230,0.0,31.1,164.125,0,0.0
2080,230,0.0,35.2,164.125,0,0.0
2081,230,0.0,41.9,164.125,0,0.0
2082,230,0.0,45.1,164.125,0,0.0
2083,230,0.0,47.2,164.125,0,0.0
2084,230,0.0,31.5,164.125,0,0.0
2085,230,0.0,42.5,164.125,0,0.0
2086,230,0.0,42.7,164.125,0,0.0
2087,230,0.0,38.9,164.125,0,0.0
2088,230,0.0,44.2,164.125,0,0.0
2089,230,0.0,32.4,164.125,0,0.0
2090,230,0.0,34.3,164.125,0,0.0
2091,230,0.0,42.8,164.125,0,0.0
2092,230,0.0,39.1,164.125,0,0.0
2093,230,0.0,38.5,164.125,0,0.0
2094,230,0.0,38.4,164.125,0,0.0
2095,230,0.0,41.8,164.125,0,0.0
2096,230,0.0,47.0,164.125,0,0.0
2097,230,0.0,34.9,164.125,0,0.0
2098,230,0.0,40.6,164.125,0,0.0
2099,230,0.0,57.7,164.125,0,0.0
2100,230,0.0,42.7,164.125,0,0.0
2101,230,0.0,44.4,164.125,0,0.0
2102,230,0.0,36.1,164.125,0,0.0
2103,230,0.0,40.7,164.125,0,0.0
2104,230,0.0,44.5,164.125,0,0.0
2105,230,0.0,31.1,164.125,0,0.0
2106,230,0.0,40.5,164.125,0,0.0
2107,230,0.0,44.0,164.125,0,0.0
2108,230,0.0,43.9,164.125,0,0.0
2109,230,0.0,47.3,164.125,0,0.0
2110,230,0.0,29.7,164.125,0,0.0
2111,230,0.0,38.7,164.125,0,0.0
2112,230,0.0,49.1,164.125,0,0.0
2113,230,0.0,38.0,164.125,0,0.0
2114,230,0.0,36.2,164.125,0,0.0
2115,230,0.0,39.3,164.125,0,0.0
2116,230,0.0,41.4,164.125,0,0.0
2117,230,0.0,43.4,164.125,0,0.0
2118,230,0.0,33.3,164.125,0,0.0
2119,230,0.0,35.6,164.125,0,0.0
2120,230,0.0,48.8,164.125,0,0.0
2121,230,0.0,39.9,164.125,0,0.0
2122,230,0.0,34.1,164.125,0,0.0
2123,230,0.0,36.3,164.125,0,0.0
2124,230,0.0,39.3,164.125,0,0.0
2125,230,0.0,42.9,164.125,0,0.0
2126,230,0.0,51.8,164.125,0,0.0
2127,230,0.0,38.0,164.125,0,0.0
2128,230,0.0,41.4,164.125,0,0.0
2129,230,0.0,35.6,164.125,0,0.0
2130,230,0.0,33.3,164.125,0,0.0
2131,230,0.0,36.2,164.125,0,0.0
2132,230,0.0,35.2,164.125,0,0.0
2133,230,0.0,38.0,164.125,0,0.0
2134,230,0.0,29.1,164.125,0,0.0
2135,230,0.0,41.1,164.125,0,0.0
2136,230,0.0,33.3,164.125,0,0.0
2137,230,0.0,39.1,164.125,0,0.0
2138,230,0.0,38.7,164.125,0,0.0
2139,230,0.0,29.4,164.125,0,0.0
2140,230,0.0,31.1,164.125,0,0.0
2141,230,0.0,47.8,164.125,0,0.0
2142,230,0.0,27.7,164.125,0,0.0
2143,230,0.0,37.5,164.125,0,0.0
2144,230,0.0,37.6,164.125,0,0.0
2145,230,0.0,37.8,164.125,0,0.0
2146,230,0.0,33.5,164.125,0,0.0
2147,230,0.0,29.4,164.125,0,0.0
2148,230,0.0,37.3,164.125,0,0.0
2149,230,0.0,45.5,164.125,0,0.0
2150,230,0.0,29.6,164.125,0,0.0
2151,230,0.0,33.5,164.125,0,0.0
2152,230,0.0,38.0,164.125,0,0.0
2153,230,0.0,35.5,164.125,0,0.0
2154,230,0.0,36.0,164.125,0,0.0
2155,230,0.0,32.1,164.125,0,0.0
2156,230,0.0,36.2,164.125,0,0.0
2157,230,0.0,45.4,164.125,0,0.0
2158,230,0.0,30.9,164.125,0,0.0
2159,230,0.0,31.1,164.125,0,0.0
2160,230,0.0,44.5,164.125,0,0.0
2161,230,0.0,42.2,164.125,0,0.0
2162,230,0.0,39.5,164.125,0,0.0
2163,230,0.0,38.5,164.125,0,0.0
2164,230,0.0,30.9,164.125,0,0.0
2165,230,0.0,34.7,164.125,0,0.0
2166,230,0.0,31.7,164.125,0,0.0
2167,230,0.0,27.2,164.125,0,0.0
2168,230,0.0,33.5,164.125,0,0.0
2169,230,0.0,39.5,164.125,0,0.0
2170,230,0.0,24.5,164.125,0,0.0
2171,230,0.0,43.0,164.125,0,0.0
2172,230,0.0,28.7,164.125,0,0.0
2173,230,0.0,26.7,164.125,0,0.0
2174,230,0.0,30.4,164.125,0,0.0
2175,230,0.0,31.1,164.125,0,0.0
2176,230,0.0,40.1,164.125,0,0.0
2177,230,0.0,32.9,164.125,0,0.0
2178,230,0.0,35.6,164.125,0,0.0
2179,230,0.0,33.5,164.125,0,0.0
2180,230,0.0,37.3,164.125,0,0.0
2181,230,0.0,38.5,164.125,0,0.0
2182,230,0.0,32.7,164.125,0,0.0
2183,230,0.0,43.8,164.125,0,0.0
2184,230,0.0,33.1,164.125,0,0.0
2185,230,0.0,35.0,164.125,0,0.0
2186,230,0.0,45.8,164.125,0,0.0
2187,230,0.0,28.0,164.125,0,0.0
2188,230,0.0,35.2,164.125,0,0.0
2189,230,0.0,32.0,164.125,0,0.0
2190,230,0.0,34.9,164.125,0,0.0
2191,230,0.0,40.1,164.125,0,0.0
2192,230,0.0,26.8,164.125,0,0.0
2193,230,0.0,46.9,164.125,0,0.0
2194,230,0.0,26.8,164.125,0,0.0
2195,230,0.0,45.8,164.125,0,0.0
2196,230,0.0,39.1,164.125,0,0.0
2197,230,0.0,32.8,164.125,0,0.0
2198,230,0.0,44.7,164.125,0,0.0
2199,230,0.0,34.3,164.125,0,0.0
2200,230,0.0,38.7,164.125,0,0.0
2201,230,0.0,36.1,164.125,0,0.0
2202,230,0.0,37.6,164.125,0,0.0
2203,230,0.0,44.8,164.125,0,0.0
2204,230,0.0,25.2,164.125,0,0.0
2205,230,0.0,32.9,164.125,0,0.0
2206,230,0.0,33.1,164.125,0,0.0
2207,230,0.0,45.1,164.125,0,0.0
2208,230,0.0,28.8,164.125,0,0.0
2209,230,0.0,41.6,164.125,0,0.0
2210,230,0.0,31.1,164.125,0,0.0
2211,230,0.0,39.9,164.125,0,0.0
2212,230,0.0,34.8,164.125,0,0.0
2213,230,0.0,37.7,164.125,0,0.0
2214,230,0.0,23.0,164.125,0,0.0
2215,230,0.0,48.5,164.125,0,0.0
2216,230,0.0,27.3,164.125,0,0.0
2217,230,0.0,47.9,164.125,0,0.0
2218,230,0.0,26.3,164.125,0,0.0
2219,230,0.0,39.6,164.125,0,0.0
2220,230,0.0,31.5,164.125,0,0.0
2221,230,0.0,26.9,164.125,0,0.0
2222,230,0.0,34.2,164.125,0,0.0
2223,230,0.0,36.3,164.125,0,0.0
2224,230,0.0,38.4,164.125,0,0.0
2225,230,0.0,28.2,164.125,0,0.0
2226,230,0.0,35.9,164.125,0,0.0
2227,230,0.0,33.9,164.125,0,0.0
2228,230,0.0,45.9,164.125,0,0.0
2229,230,0.0,32.5,164.125,0,0.0
2230,230,0.0,36.3,164.125,0,0.0
2231,230,0.0,44.8,164.125,0,0.0
2232,230,0.0,36.0,164.125,0,0.0
2233,230,0.0,28.6,164.125,0,0.0
2234,230,0.0,34.4,164.125,0,0.0
2235,230,0.0,44.4,164.125,0,0.0
2236,230,0.0,37.5,164.125,0,0.0
2237,230,0.0,39.4,164.125,0,0.0
2238,230,0.0,38.2,164.125,0,0.0
2239,230,0.0,32.7,164.125,0,0.0
2240,230,0.0,45.5,164.125,0,0.0
2241,230,0.0,34.6,164.125,0,0.0
2242,230,0.0,33.7,164.125,0,0.0
2243,230,0.0,35.1,164.125,0,0.0
2244,230,0.0,45.0,164.125,0,0.0
2245,230,0.0,31.2,164.125,0,0.0
2246,230,0.0,38.0,164.125,0,0.0
2247,230,0.0,35.2,164.125,0,0.0
2248,230,0.0,41.9,164.125,0,0.0
2249,230,0.0,27.6,164.125,0,0.0
2250,230,0.0,44.4,164.125,0,0.0
2251,230,0.0,32.1,164.125,0,0.0
2252,230,0.0,38.8,164.125,0,0.0
2253,230,0.0,28.6,164.125,0,0.0
2254,230,0.0,45.5,164.125,0,0.0
2255,230,0.0,36.0,164.125,0,0.0
2256,230,0.0,45.5,164.125,0,0.0
2257,230,0.0,31.3,164.125,0,0.0
2258,230,0.0,40.0,164.125,0,0.0
2259,230,0.0,36.2,164.125,0,0.0
2260,230,0.0,43.4,164.125,0,0.0
2261,230,0.0,26.5,164.125,0,0.0
2262,230,0.0,39.6,164.125,0,0.0
2263,230,0.0,38.3,164.125,0,0.0
2264,230,0.0,38.7,164.125,0,0.0
2265,230,0.0,26.1,164.125,0,0.0
2266,230,0.0,35.4,164.125,0,0.0
2267,230,0.0,31.6,164.125,0,0.0
2268,230,0.0,45.6,164.125,0,0.0
2269,230,0.0,28.8,164.125,0,0.0
2270,230,0.0,40.2,164.125,0,0.0
2271,230,0.0,29.4,164.125,0,0.0
2272,230,0.0,42.4,164.125,0,0.0
2273,230,0.0,30.5,164.125,0,0.0
2274,230,0.0,41.1,164.125,0,0.0
2275,230,0.0,28.2,164.125,0,0.0
2276,230,0.0,47.6,164.125,0,0.0
2277,230,0.0,26.4,164.125,0,0.0
2278,230,0.0,40.5,164.125,0,0.0
2279,230,0.0,26.2,164.125,0,0.0
2280,230,0.0,45.5,164.125,0,0.0
2281,230,0.0,26.4,164.125,0,0.0
2282,230,0.0,40.5,164.125,0,0.0
2283,230,0.0,31.9,164.125,0,0.0
2284,230,0.0,48.8,164.125,0,0.0
2285,230,0.0,29.8,164.125,0,0.0
2286,230,0.0,38.1,164.125,0,0.0
2287,230,0.0,29.4,164.125,0,0.0
2288,230,0.0,50.6,164.125,0,0.0
2289,230,0.0,29.3,164.125,0,0.0
2290,230,0.0,32.5,164.125,0,0.0
2291,230,0.0,26.9,164.125,0,0.0
2292,230,0.0,43.5,164.125,0,0.0
2293,230,0.0,34.5,164.125,0,0.0
2294,230,0.0,33.7,164.125,0,0.0
2295,230,0.0,29.5,164.125,0,0.0
2296,230,0.0,35.1,164.125,0,0.0
2297,230,0.0,42.8,164.125,0,0.0
2298,230,0.0,34.3,164.125,0,0.0
2299,230,0.0,31.7,164.125,0,0.0
2300,230,0.0,30.7,164.125,0,0.0
2301,230,0.0,44.2,164.125,0,0.0
2302,230,0.0,35.9,164.125,0,0.0
2303,230,0.0,35.3,164.125,0,0.0
2304,230,0.0,31.9,164.125,0,0.0
2305,230,0.0,43.6,164.125,0,0.0
2306,230,0.0,29.3,164.125,0,0.0
2307,230,0.0,42.5,164.125,0,0.0
2308,230,0.0,44.6,164.125,0,0.0
2309,230,0.0,41.3,164.125,0,0.0
2310,230,0.0,23.8,164.125,0,0.0
2311,230,0.0,40.2,164.125,0,0.0
2312,230,0.0,25.1,164.125,0,0.0
2313,230,0.0,46.3,164.125,0,0.0
2314,230,0.0,26.3,164.125,0,0.0
2315,230,0.0,38.1,164.125,0,0.0
2316,230,0.0,28.0,164.125,0,0.0
2317,230,0.0,50.9,164.125,0,0.0
2318,230,0.0,33.7,164.125,0,0.0
2319,230,0.0,32.7,164.125,0,0.0
2320,230,0.0,33.9,164.125,0,0.0
2321,230,0.0,31.5,164.125,0,0.0
2322,230,0.0,43.0,164.125,0,0.0
2323,230,0.0,29.6,164.125,0,0.0
2324,230,0.0,31.1,164.125,0,0.0
2325,230,0.0,39.3,164.125,0,0.0
2326,230,0.0,42.4,164.125,0,0.0
2327,230,0.0,27.8,164.125,0,0.0
2328,230,0.0,43.1,164.125,0,0.0
2329,230,0.0,30.9,164.125,0,0.0
2330,230,0.0,45.1,164.125,0,0.0
2331,230,0.0,27.1,164.125,0,0.0
2332,230,0.0,42.5,164.125,0,0.0
2333,230,0.0,29.2,164.125,0,0.0
2334,230,0.0,49.1,164.125,0,0.0
2335,230,0.0,30.1,164.125,0,0.0
2336,230,0.0,44.3,164.125,0,0.0
2337,230,0.0,39.5,164.125,0,0.0
2338,230,0.0,52.1,164.125,0,0.0
2339,230,0.0,46.2,164.125,0,0.0
2340,230,0.0,36.1,164.125,0,0.0
2341,230,0.0,39.1,164.125,0,0.0
2342,230,0.0,42.7,164.125,0,0.0
2343,230,0.0,43.1,164.125,0,0.0
2344,230,0.0,26.7,164.125,0,0.0
2345,230,0.0,52.7,164.125,0,0.0
2346,230,0.0,70.9,164.125,0,0.0
2347,230,0.0,45.1,164.125,0,0.0
2348,230,0.0,53.3,164.125,0,0.0
2349,230,0.0,61.3,164.125,0,0.0
2350,230,0.0,43.8,164.125,0,0.0
2351,230,0.0,48.5,164.125,0,0.0
2352,230,0.0,50.0,164.125,0,0.0
2353,230,0.0,41.6,164.125,0,0.0
2354,230,0.0,51.8,164.125,0,0.0
2355,230,0.0,37.6,164.125,0,0.0
2356,230,0.0,36.4,164.125,0,0.0
2357,230,0.0,35.8,164.125,0,0.0
2358,230,0.0,53.4,164.125,0,0.0
2359,230,0.0,37.6,164.125,0,0.0
2360,230,0.0,30.7,164.125,0,0.0
2361,230,0.0,37.3,164.125,0,0.0
2362,230,0.0,39.1,164.125,0,0.0
2363,230,0.0,32.3,164.125,0,0.0
2364,230,0.0,32.9,164.125,0,0.0
2365,230,0.0,43.1,164.125,0,0.0
2366,230,0.0,25.5,164.125,0,0.0
2367,230,0.0,57.7,164.125,0,0.0
2368,230,0.0,26.8,164.125,0,0.0
2369,230,0.0,52.1,164.125,0,0.0
2370,230,0.0,65.3,164.125,0,0.0
2371,186,0.0,73.5,164.125,0,0.0
2372,141,0.0,71.7,164.125,0,0.0
2373,95,0.0,57.0,164.125,0,0.0
2374,49,0.0,39.9,164.125,0,0.0
2375,0,0.0,47.2,164.125,0,0.0
